dataset,method,method_label,seed,run_id,sample_index,question,choices,prediction_text,parsed_answer,gold_answer,valid,correct,best_test_acc,final_test_acc,checkpoint_path
vqa_rad_closed,base,Base,44,base_zero_shot,0,Where is the opacity located?,"Right of the midline, superior to the right hilum | not shown | uncertain | other",A,A,A,True,True,,,
vqa_rad_closed,base,Base,44,base_zero_shot,1,What is the patient's gender?,Female | not shown | uncertain | other,B,B,A,True,False,,,
vqa_rad_closed,base,Base,44,base_zero_shot,2,Which ventricle is the mass located in?,4th ventricle | not shown | uncertain | other,A,A,A,True,True,,,
vqa_rad_closed,base,Base,44,base_zero_shot,3,The image probably had what incidental finding?,cavum vergae | not shown | uncertain | other,A,A,A,True,True,,,
vqa_rad_closed,base,Base,44,base_zero_shot,4,Is there a shift of midline structures?,yes | no |  | ,B,B,B,True,True,,,
vqa_rad_closed,base,Base,44,base_zero_shot,5,This image is consistent with what condition?,appendicitis | not shown | uncertain | other,A,A,A,True,True,,,
vqa_rad_closed,base,Base,44,base_zero_shot,6,Is this in a coronal plane?,yes | no |  | ,B,B,B,True,True,,,
vqa_rad_closed,base,Base,44,base_zero_shot,7,Which lung lobe has the least opacities?,Upper left | not shown | uncertain | other,A,A,A,True,True,,,
vqa_rad_closed,base,Base,44,base_zero_shot,8,Is the heart wider than more than half the width of the thorax?,yes | no |  | ,A,A,B,True,False,,,
vqa_rad_closed,base,Base,44,base_zero_shot,9,Is there cortical atrophy?,yes | no |  | ,A,A,B,True,False,,,
vqa_rad_closed,base,Base,44,base_zero_shot,10,IS this a neoplastic process?,yes | no |  | ,A,A,B,True,False,,,
vqa_rad_closed,base,Base,44,base_zero_shot,11,Do you see cardiomegaly?,yes | no |  | ,A,A,B,True,False,,,
vqa_rad_closed,base,Base,44,base_zero_shot,12,Where is the lesion located?,Right cerebellopontine angle | not shown | uncertain | other,A,A,A,True,True,,,
vqa_rad_closed,base,Base,44,base_zero_shot,13,Is the vertebrae fractured?,yes | no |  | ,B,B,B,True,True,,,
vqa_rad_closed,base,Base,44,base_zero_shot,14,What structure is depicted?,brain | not shown | uncertain | other,A,A,A,True,True,,,
vqa_rad_closed,base,Base,44,base_zero_shot,15,Is the fat surrounding the pancreas normal?,yes | no |  | ,B,B,B,True,True,,,
vqa_rad_closed,base,Base,44,base_zero_shot,16,What abnormalities are in the lung apices?,Nodular opacities | not shown | uncertain | other,A,A,A,True,True,,,
vqa_rad_closed,base,Base,44,base_zero_shot,17,Are the costophrenic angles preserved?,yes | no |  | ,A,A,A,True,True,,,
vqa_rad_closed,base,Base,44,base_zero_shot,18,Is there cardiomegaly present?,yes | no |  | ,A,A,B,True,False,,,
vqa_rad_closed,base,Base,44,base_zero_shot,19,Which kidney has fluid around it?,Right | not shown | uncertain | other,A,A,A,True,True,,,
vqa_rad_closed,base,Base,44,base_zero_shot,20,What are the hyperdensities on the periphery of the image?,Ribs | not shown | uncertain | other,A,A,A,True,True,,,
vqa_rad_closed,base,Base,44,base_zero_shot,21,Are lung markings present in the entire thoracic cavity?,yes | no |  | ,A,A,A,True,True,,,
vqa_rad_closed,base,Base,44,base_zero_shot,22,Is there evidence of a pneumoperitoneum?,yes | no |  | ,B,B,B,True,True,,,
vqa_rad_closed,base,Base,44,base_zero_shot,23,Is there any tracheal deviation present?,yes | no |  | ,B,B,B,True,True,,,
vqa_rad_closed,base,Base,44,base_zero_shot,24,What plane is the above image acquired in?,axial | not shown | uncertain | other,A,A,A,True,True,,,
vqa_rad_closed,base,Base,44,base_zero_shot,25,Where does the L renal vein connect to,IVC | not shown | uncertain | other,A,A,A,True,True,,,
vqa_rad_closed,base,Base,44,base_zero_shot,26,Is the aorta dilated?,yes | no |  | ,A,A,B,True,False,,,
vqa_rad_closed,base,Base,44,base_zero_shot,27,Are the lungs normal?,yes | no |  | ,B,B,B,True,True,,,
vqa_rad_closed,base,Base,44,base_zero_shot,28,Is there free air in the abdomen?,yes | no |  | ,A,A,B,True,False,,,
vqa_rad_closed,base,Base,44,base_zero_shot,29,What characteristic finding do you see in the aortopulmonary window?,middle mogul | not shown | uncertain | other,A,A,A,True,True,,,
vqa_rad_closed,base,Base,44,base_zero_shot,30,What are the hyperdense opacities located around the periphery?,Ribs | not shown | uncertain | other,A,A,A,True,True,,,
vqa_rad_closed,base,Base,44,base_zero_shot,31,Is there air present under the diaphragm?,yes | no |  | ,B,B,B,True,True,,,
vqa_rad_closed,base,Base,44,base_zero_shot,32,Is there evidence of an aortic aneurysm?,yes | no |  | ,A,A,A,True,True,,,
vqa_rad_closed,base,Base,44,base_zero_shot,33,are there increased vascular markings,yes | no |  | ,A,A,A,True,True,,,
vqa_rad_closed,base,Base,44,base_zero_shot,34,Are the hepatic lesions ring enhancing?,yes | no |  | ,A,A,B,True,False,,,
vqa_rad_closed,base,Base,44,base_zero_shot,35,Is this a pleural effusion,yes | no |  | ,A,A,A,True,True,,,
vqa_rad_closed,base,Base,44,base_zero_shot,36,What type of artifact is shown in this image?,Motion | not shown | uncertain | other,A,A,A,True,True,,,
vqa_rad_closed,base,Base,44,base_zero_shot,37,Is there more than one organ system present in the image?,yes | no |  | ,B,B,B,True,True,,,
vqa_rad_closed,base,Base,44,base_zero_shot,38,Is this an axial or saggital view of the brain?,Axial | not shown | uncertain | other,A,A,A,True,True,,,
vqa_rad_closed,base,Base,44,base_zero_shot,39,What is the pathology?,Diverticulitis | not shown | uncertain | other,C,C,A,True,False,,,
vqa_rad_closed,base,Base,44,base_zero_shot,40,Where is the pleural effusion located?,Right side | not shown | uncertain | other,A,A,A,True,True,,,
vqa_rad_closed,base,Base,44,base_zero_shot,41,Are the bronchial airways enlarged?,yes | no |  | ,A,A,A,True,True,,,
vqa_rad_closed,base,Base,44,base_zero_shot,42,Are the sulci abnormal?,yes | no |  | ,A,A,B,True,False,,,
vqa_rad_closed,base,Base,44,base_zero_shot,43,Is this an axial view of the brain?,yes | no |  | ,A,A,A,True,True,,,
vqa_rad_closed,base,Base,44,base_zero_shot,44,Is this a contrast-enhanced CT?,yes | no |  | ,A,A,A,True,True,,,
vqa_rad_closed,base,Base,44,base_zero_shot,45,Is the appendix enlarged?,yes | no |  | ,A,A,A,True,True,,,
vqa_rad_closed,base,Base,44,base_zero_shot,46,Are liver findings normal?,yes | no |  | ,B,B,A,True,False,,,
vqa_rad_closed,base,Base,44,base_zero_shot,47,Is there a widened mediastinum?,yes | no |  | ,A,A,A,True,True,,,
vqa_rad_closed,base,Base,44,base_zero_shot,48,Can you evaluate a mediastinum in the shown image?,yes | no |  | ,B,B,B,True,True,,,
vqa_rad_closed,base,Base,44,base_zero_shot,49,Is the gallbladder present?,yes | no |  | ,A,A,A,True,True,,,
vqa_rad_closed,base,Base,44,base_zero_shot,50,Is the diaphragm obscured?,yes | no |  | ,A,A,B,True,False,,,
vqa_rad_closed,base,Base,44,base_zero_shot,51,Is this image normal or abnormal?,Abnormal | not shown | uncertain | other,A,A,A,True,True,,,
vqa_rad_closed,base,Base,44,base_zero_shot,52,Is there free air present?,yes | no |  | ,A,A,B,True,False,,,
vqa_rad_closed,base,Base,44,base_zero_shot,53,The lesion is isointense to what object normally found in the brain?,CSF | not shown | uncertain | other,A,A,A,True,True,,,
vqa_rad_closed,base,Base,44,base_zero_shot,54,Is the mediastinum visualized?,yes | no |  | ,A,A,B,True,False,,,
vqa_rad_closed,base,Base,44,base_zero_shot,55,Is the appendix normal in size?,yes | no |  | ,B,B,A,True,False,,,
vqa_rad_closed,base,Base,44,base_zero_shot,56,What is this lucency amid densities in the right lung?,The right bronchus | not shown | uncertain | other,A,A,A,True,True,,,
vqa_rad_closed,base,Base,44,base_zero_shot,57,Where is the tip of the line?,mid left subclavian vein | not shown | uncertain | other,A,A,A,True,True,,,
vqa_rad_closed,base,Base,44,base_zero_shot,58,Is the left lung field more radioopaque than the right side?,yes | no |  | ,A,A,A,True,True,,,
vqa_rad_closed,base,Base,44,base_zero_shot,59,Has the midline of the mediastinum shifted?,yes | no |  | ,A,A,B,True,False,,,
vqa_rad_closed,base,Base,44,base_zero_shot,60,What is the biological sex of the patient?,Female | not shown | uncertain | other,C,C,A,True,False,,,
vqa_rad_closed,base,Base,44,base_zero_shot,61,Do the kidneys appear to be normal?,yes | no |  | ,A,A,A,True,True,,,
vqa_rad_closed,base,Base,44,base_zero_shot,62,Is this a CT image?,yes | no |  | ,B,B,B,True,True,,,
vqa_rad_closed,base,Base,44,base_zero_shot,63,Is the skull fractured?,yes | no |  | ,B,B,B,True,True,,,
vqa_rad_closed,caa_fedbuff_v2,CAA-v2,44,caa_fedbuff_v2_vqa_rad_closed_20260602_021123,0,Where is the opacity located?,"Right of the midline, superior to the right hilum | not shown | uncertain | other",A,A,A,True,True,0.875,0.875,checkpoints/caa_fedbuff_v2_vqa_rad_closed_20260602_021123_best.pt
vqa_rad_closed,caa_fedbuff_v2,CAA-v2,44,caa_fedbuff_v2_vqa_rad_closed_20260602_021123,1,What is the patient's gender?,Female | not shown | uncertain | other,B,B,A,True,False,0.875,0.875,checkpoints/caa_fedbuff_v2_vqa_rad_closed_20260602_021123_best.pt
vqa_rad_closed,caa_fedbuff_v2,CAA-v2,44,caa_fedbuff_v2_vqa_rad_closed_20260602_021123,2,Which ventricle is the mass located in?,4th ventricle | not shown | uncertain | other,A,A,A,True,True,0.875,0.875,checkpoints/caa_fedbuff_v2_vqa_rad_closed_20260602_021123_best.pt
vqa_rad_closed,caa_fedbuff_v2,CAA-v2,44,caa_fedbuff_v2_vqa_rad_closed_20260602_021123,3,The image probably had what incidental finding?,cavum vergae | not shown | uncertain | other,A,A,A,True,True,0.875,0.875,checkpoints/caa_fedbuff_v2_vqa_rad_closed_20260602_021123_best.pt
vqa_rad_closed,caa_fedbuff_v2,CAA-v2,44,caa_fedbuff_v2_vqa_rad_closed_20260602_021123,4,Is there a shift of midline structures?,yes | no |  | ,B,B,B,True,True,0.875,0.875,checkpoints/caa_fedbuff_v2_vqa_rad_closed_20260602_021123_best.pt
vqa_rad_closed,caa_fedbuff_v2,CAA-v2,44,caa_fedbuff_v2_vqa_rad_closed_20260602_021123,5,This image is consistent with what condition?,appendicitis | not shown | uncertain | other,A,A,A,True,True,0.875,0.875,checkpoints/caa_fedbuff_v2_vqa_rad_closed_20260602_021123_best.pt
vqa_rad_closed,caa_fedbuff_v2,CAA-v2,44,caa_fedbuff_v2_vqa_rad_closed_20260602_021123,6,Is this in a coronal plane?,yes | no |  | ,B,B,B,True,True,0.875,0.875,checkpoints/caa_fedbuff_v2_vqa_rad_closed_20260602_021123_best.pt
vqa_rad_closed,caa_fedbuff_v2,CAA-v2,44,caa_fedbuff_v2_vqa_rad_closed_20260602_021123,7,Which lung lobe has the least opacities?,Upper left | not shown | uncertain | other,A,A,A,True,True,0.875,0.875,checkpoints/caa_fedbuff_v2_vqa_rad_closed_20260602_021123_best.pt
vqa_rad_closed,caa_fedbuff_v2,CAA-v2,44,caa_fedbuff_v2_vqa_rad_closed_20260602_021123,8,Is the heart wider than more than half the width of the thorax?,yes | no |  | ,A,A,B,True,False,0.875,0.875,checkpoints/caa_fedbuff_v2_vqa_rad_closed_20260602_021123_best.pt
vqa_rad_closed,caa_fedbuff_v2,CAA-v2,44,caa_fedbuff_v2_vqa_rad_closed_20260602_021123,9,Is there cortical atrophy?,yes | no |  | ,A,A,B,True,False,0.875,0.875,checkpoints/caa_fedbuff_v2_vqa_rad_closed_20260602_021123_best.pt
vqa_rad_closed,caa_fedbuff_v2,CAA-v2,44,caa_fedbuff_v2_vqa_rad_closed_20260602_021123,10,IS this a neoplastic process?,yes | no |  | ,A,A,B,True,False,0.875,0.875,checkpoints/caa_fedbuff_v2_vqa_rad_closed_20260602_021123_best.pt
vqa_rad_closed,caa_fedbuff_v2,CAA-v2,44,caa_fedbuff_v2_vqa_rad_closed_20260602_021123,11,Do you see cardiomegaly?,yes | no |  | ,A,A,B,True,False,0.875,0.875,checkpoints/caa_fedbuff_v2_vqa_rad_closed_20260602_021123_best.pt
vqa_rad_closed,caa_fedbuff_v2,CAA-v2,44,caa_fedbuff_v2_vqa_rad_closed_20260602_021123,12,Where is the lesion located?,Right cerebellopontine angle | not shown | uncertain | other,A,A,A,True,True,0.875,0.875,checkpoints/caa_fedbuff_v2_vqa_rad_closed_20260602_021123_best.pt
vqa_rad_closed,caa_fedbuff_v2,CAA-v2,44,caa_fedbuff_v2_vqa_rad_closed_20260602_021123,13,Is the vertebrae fractured?,yes | no |  | ,B,B,B,True,True,0.875,0.875,checkpoints/caa_fedbuff_v2_vqa_rad_closed_20260602_021123_best.pt
vqa_rad_closed,caa_fedbuff_v2,CAA-v2,44,caa_fedbuff_v2_vqa_rad_closed_20260602_021123,14,What structure is depicted?,brain | not shown | uncertain | other,A,A,A,True,True,0.875,0.875,checkpoints/caa_fedbuff_v2_vqa_rad_closed_20260602_021123_best.pt
vqa_rad_closed,caa_fedbuff_v2,CAA-v2,44,caa_fedbuff_v2_vqa_rad_closed_20260602_021123,15,Is the fat surrounding the pancreas normal?,yes | no |  | ,B,B,B,True,True,0.875,0.875,checkpoints/caa_fedbuff_v2_vqa_rad_closed_20260602_021123_best.pt
vqa_rad_closed,caa_fedbuff_v2,CAA-v2,44,caa_fedbuff_v2_vqa_rad_closed_20260602_021123,16,What abnormalities are in the lung apices?,Nodular opacities | not shown | uncertain | other,A,A,A,True,True,0.875,0.875,checkpoints/caa_fedbuff_v2_vqa_rad_closed_20260602_021123_best.pt
vqa_rad_closed,caa_fedbuff_v2,CAA-v2,44,caa_fedbuff_v2_vqa_rad_closed_20260602_021123,17,Are the costophrenic angles preserved?,yes | no |  | ,A,A,A,True,True,0.875,0.875,checkpoints/caa_fedbuff_v2_vqa_rad_closed_20260602_021123_best.pt
vqa_rad_closed,caa_fedbuff_v2,CAA-v2,44,caa_fedbuff_v2_vqa_rad_closed_20260602_021123,18,Is there cardiomegaly present?,yes | no |  | ,A,A,B,True,False,0.875,0.875,checkpoints/caa_fedbuff_v2_vqa_rad_closed_20260602_021123_best.pt
vqa_rad_closed,caa_fedbuff_v2,CAA-v2,44,caa_fedbuff_v2_vqa_rad_closed_20260602_021123,19,Which kidney has fluid around it?,Right | not shown | uncertain | other,A,A,A,True,True,0.875,0.875,checkpoints/caa_fedbuff_v2_vqa_rad_closed_20260602_021123_best.pt
vqa_rad_closed,caa_fedbuff_v2,CAA-v2,44,caa_fedbuff_v2_vqa_rad_closed_20260602_021123,20,What are the hyperdensities on the periphery of the image?,Ribs | not shown | uncertain | other,A,A,A,True,True,0.875,0.875,checkpoints/caa_fedbuff_v2_vqa_rad_closed_20260602_021123_best.pt
vqa_rad_closed,caa_fedbuff_v2,CAA-v2,44,caa_fedbuff_v2_vqa_rad_closed_20260602_021123,21,Are lung markings present in the entire thoracic cavity?,yes | no |  | ,A,A,A,True,True,0.875,0.875,checkpoints/caa_fedbuff_v2_vqa_rad_closed_20260602_021123_best.pt
vqa_rad_closed,caa_fedbuff_v2,CAA-v2,44,caa_fedbuff_v2_vqa_rad_closed_20260602_021123,22,Is there evidence of a pneumoperitoneum?,yes | no |  | ,B,B,B,True,True,0.875,0.875,checkpoints/caa_fedbuff_v2_vqa_rad_closed_20260602_021123_best.pt
vqa_rad_closed,caa_fedbuff_v2,CAA-v2,44,caa_fedbuff_v2_vqa_rad_closed_20260602_021123,23,Is there any tracheal deviation present?,yes | no |  | ,B,B,B,True,True,0.875,0.875,checkpoints/caa_fedbuff_v2_vqa_rad_closed_20260602_021123_best.pt
vqa_rad_closed,caa_fedbuff_v2,CAA-v2,44,caa_fedbuff_v2_vqa_rad_closed_20260602_021123,24,What plane is the above image acquired in?,axial | not shown | uncertain | other,A,A,A,True,True,0.875,0.875,checkpoints/caa_fedbuff_v2_vqa_rad_closed_20260602_021123_best.pt
vqa_rad_closed,caa_fedbuff_v2,CAA-v2,44,caa_fedbuff_v2_vqa_rad_closed_20260602_021123,25,Where does the L renal vein connect to,IVC | not shown | uncertain | other,A,A,A,True,True,0.875,0.875,checkpoints/caa_fedbuff_v2_vqa_rad_closed_20260602_021123_best.pt
vqa_rad_closed,caa_fedbuff_v2,CAA-v2,44,caa_fedbuff_v2_vqa_rad_closed_20260602_021123,26,Is the aorta dilated?,yes | no |  | ,A,A,B,True,False,0.875,0.875,checkpoints/caa_fedbuff_v2_vqa_rad_closed_20260602_021123_best.pt
vqa_rad_closed,caa_fedbuff_v2,CAA-v2,44,caa_fedbuff_v2_vqa_rad_closed_20260602_021123,27,Are the lungs normal?,yes | no |  | ,B,B,B,True,True,0.875,0.875,checkpoints/caa_fedbuff_v2_vqa_rad_closed_20260602_021123_best.pt
vqa_rad_closed,caa_fedbuff_v2,CAA-v2,44,caa_fedbuff_v2_vqa_rad_closed_20260602_021123,28,Is there free air in the abdomen?,yes | no |  | ,A,A,B,True,False,0.875,0.875,checkpoints/caa_fedbuff_v2_vqa_rad_closed_20260602_021123_best.pt
vqa_rad_closed,caa_fedbuff_v2,CAA-v2,44,caa_fedbuff_v2_vqa_rad_closed_20260602_021123,29,What characteristic finding do you see in the aortopulmonary window?,middle mogul | not shown | uncertain | other,A,A,A,True,True,0.875,0.875,checkpoints/caa_fedbuff_v2_vqa_rad_closed_20260602_021123_best.pt
vqa_rad_closed,caa_fedbuff_v2,CAA-v2,44,caa_fedbuff_v2_vqa_rad_closed_20260602_021123,30,What are the hyperdense opacities located around the periphery?,Ribs | not shown | uncertain | other,A,A,A,True,True,0.875,0.875,checkpoints/caa_fedbuff_v2_vqa_rad_closed_20260602_021123_best.pt
vqa_rad_closed,caa_fedbuff_v2,CAA-v2,44,caa_fedbuff_v2_vqa_rad_closed_20260602_021123,31,Is there air present under the diaphragm?,yes | no |  | ,B,B,B,True,True,0.875,0.875,checkpoints/caa_fedbuff_v2_vqa_rad_closed_20260602_021123_best.pt
vqa_rad_closed,caa_fedbuff_v2,CAA-v2,44,caa_fedbuff_v2_vqa_rad_closed_20260602_021123,32,Is there evidence of an aortic aneurysm?,yes | no |  | ,A,A,A,True,True,0.875,0.875,checkpoints/caa_fedbuff_v2_vqa_rad_closed_20260602_021123_best.pt
vqa_rad_closed,caa_fedbuff_v2,CAA-v2,44,caa_fedbuff_v2_vqa_rad_closed_20260602_021123,33,are there increased vascular markings,yes | no |  | ,A,A,A,True,True,0.875,0.875,checkpoints/caa_fedbuff_v2_vqa_rad_closed_20260602_021123_best.pt
vqa_rad_closed,caa_fedbuff_v2,CAA-v2,44,caa_fedbuff_v2_vqa_rad_closed_20260602_021123,34,Are the hepatic lesions ring enhancing?,yes | no |  | ,A,A,B,True,False,0.875,0.875,checkpoints/caa_fedbuff_v2_vqa_rad_closed_20260602_021123_best.pt
vqa_rad_closed,caa_fedbuff_v2,CAA-v2,44,caa_fedbuff_v2_vqa_rad_closed_20260602_021123,35,Is this a pleural effusion,yes | no |  | ,A,A,A,True,True,0.875,0.875,checkpoints/caa_fedbuff_v2_vqa_rad_closed_20260602_021123_best.pt
vqa_rad_closed,caa_fedbuff_v2,CAA-v2,44,caa_fedbuff_v2_vqa_rad_closed_20260602_021123,36,What type of artifact is shown in this image?,Motion | not shown | uncertain | other,A,A,A,True,True,0.875,0.875,checkpoints/caa_fedbuff_v2_vqa_rad_closed_20260602_021123_best.pt
vqa_rad_closed,caa_fedbuff_v2,CAA-v2,44,caa_fedbuff_v2_vqa_rad_closed_20260602_021123,37,Is there more than one organ system present in the image?,yes | no |  | ,B,B,B,True,True,0.875,0.875,checkpoints/caa_fedbuff_v2_vqa_rad_closed_20260602_021123_best.pt
vqa_rad_closed,caa_fedbuff_v2,CAA-v2,44,caa_fedbuff_v2_vqa_rad_closed_20260602_021123,38,Is this an axial or saggital view of the brain?,Axial | not shown | uncertain | other,A,A,A,True,True,0.875,0.875,checkpoints/caa_fedbuff_v2_vqa_rad_closed_20260602_021123_best.pt
vqa_rad_closed,caa_fedbuff_v2,CAA-v2,44,caa_fedbuff_v2_vqa_rad_closed_20260602_021123,39,What is the pathology?,Diverticulitis | not shown | uncertain | other,C,C,A,True,False,0.875,0.875,checkpoints/caa_fedbuff_v2_vqa_rad_closed_20260602_021123_best.pt
vqa_rad_closed,caa_fedbuff_v2,CAA-v2,44,caa_fedbuff_v2_vqa_rad_closed_20260602_021123,40,Where is the pleural effusion located?,Right side | not shown | uncertain | other,A,A,A,True,True,0.875,0.875,checkpoints/caa_fedbuff_v2_vqa_rad_closed_20260602_021123_best.pt
vqa_rad_closed,caa_fedbuff_v2,CAA-v2,44,caa_fedbuff_v2_vqa_rad_closed_20260602_021123,41,Are the bronchial airways enlarged?,yes | no |  | ,A,A,A,True,True,0.875,0.875,checkpoints/caa_fedbuff_v2_vqa_rad_closed_20260602_021123_best.pt
vqa_rad_closed,caa_fedbuff_v2,CAA-v2,44,caa_fedbuff_v2_vqa_rad_closed_20260602_021123,42,Are the sulci abnormal?,yes | no |  | ,A,A,B,True,False,0.875,0.875,checkpoints/caa_fedbuff_v2_vqa_rad_closed_20260602_021123_best.pt
vqa_rad_closed,caa_fedbuff_v2,CAA-v2,44,caa_fedbuff_v2_vqa_rad_closed_20260602_021123,43,Is this an axial view of the brain?,yes | no |  | ,A,A,A,True,True,0.875,0.875,checkpoints/caa_fedbuff_v2_vqa_rad_closed_20260602_021123_best.pt
vqa_rad_closed,caa_fedbuff_v2,CAA-v2,44,caa_fedbuff_v2_vqa_rad_closed_20260602_021123,44,Is this a contrast-enhanced CT?,yes | no |  | ,A,A,A,True,True,0.875,0.875,checkpoints/caa_fedbuff_v2_vqa_rad_closed_20260602_021123_best.pt
vqa_rad_closed,caa_fedbuff_v2,CAA-v2,44,caa_fedbuff_v2_vqa_rad_closed_20260602_021123,45,Is the appendix enlarged?,yes | no |  | ,A,A,A,True,True,0.875,0.875,checkpoints/caa_fedbuff_v2_vqa_rad_closed_20260602_021123_best.pt
vqa_rad_closed,caa_fedbuff_v2,CAA-v2,44,caa_fedbuff_v2_vqa_rad_closed_20260602_021123,46,Are liver findings normal?,yes | no |  | ,B,B,A,True,False,0.875,0.875,checkpoints/caa_fedbuff_v2_vqa_rad_closed_20260602_021123_best.pt
vqa_rad_closed,caa_fedbuff_v2,CAA-v2,44,caa_fedbuff_v2_vqa_rad_closed_20260602_021123,47,Is there a widened mediastinum?,yes | no |  | ,A,A,A,True,True,0.875,0.875,checkpoints/caa_fedbuff_v2_vqa_rad_closed_20260602_021123_best.pt
vqa_rad_closed,caa_fedbuff_v2,CAA-v2,44,caa_fedbuff_v2_vqa_rad_closed_20260602_021123,48,Can you evaluate a mediastinum in the shown image?,yes | no |  | ,B,B,B,True,True,0.875,0.875,checkpoints/caa_fedbuff_v2_vqa_rad_closed_20260602_021123_best.pt
vqa_rad_closed,caa_fedbuff_v2,CAA-v2,44,caa_fedbuff_v2_vqa_rad_closed_20260602_021123,49,Is the gallbladder present?,yes | no |  | ,A,A,A,True,True,0.875,0.875,checkpoints/caa_fedbuff_v2_vqa_rad_closed_20260602_021123_best.pt
vqa_rad_closed,caa_fedbuff_v2,CAA-v2,44,caa_fedbuff_v2_vqa_rad_closed_20260602_021123,50,Is the diaphragm obscured?,yes | no |  | ,A,A,B,True,False,0.875,0.875,checkpoints/caa_fedbuff_v2_vqa_rad_closed_20260602_021123_best.pt
vqa_rad_closed,caa_fedbuff_v2,CAA-v2,44,caa_fedbuff_v2_vqa_rad_closed_20260602_021123,51,Is this image normal or abnormal?,Abnormal | not shown | uncertain | other,A,A,A,True,True,0.875,0.875,checkpoints/caa_fedbuff_v2_vqa_rad_closed_20260602_021123_best.pt
vqa_rad_closed,caa_fedbuff_v2,CAA-v2,44,caa_fedbuff_v2_vqa_rad_closed_20260602_021123,52,Is there free air present?,yes | no |  | ,A,A,B,True,False,0.875,0.875,checkpoints/caa_fedbuff_v2_vqa_rad_closed_20260602_021123_best.pt
vqa_rad_closed,caa_fedbuff_v2,CAA-v2,44,caa_fedbuff_v2_vqa_rad_closed_20260602_021123,53,The lesion is isointense to what object normally found in the brain?,CSF | not shown | uncertain | other,A,A,A,True,True,0.875,0.875,checkpoints/caa_fedbuff_v2_vqa_rad_closed_20260602_021123_best.pt
vqa_rad_closed,caa_fedbuff_v2,CAA-v2,44,caa_fedbuff_v2_vqa_rad_closed_20260602_021123,54,Is the mediastinum visualized?,yes | no |  | ,A,A,B,True,False,0.875,0.875,checkpoints/caa_fedbuff_v2_vqa_rad_closed_20260602_021123_best.pt
vqa_rad_closed,caa_fedbuff_v2,CAA-v2,44,caa_fedbuff_v2_vqa_rad_closed_20260602_021123,55,Is the appendix normal in size?,yes | no |  | ,B,B,A,True,False,0.875,0.875,checkpoints/caa_fedbuff_v2_vqa_rad_closed_20260602_021123_best.pt
vqa_rad_closed,caa_fedbuff_v2,CAA-v2,44,caa_fedbuff_v2_vqa_rad_closed_20260602_021123,56,What is this lucency amid densities in the right lung?,The right bronchus | not shown | uncertain | other,A,A,A,True,True,0.875,0.875,checkpoints/caa_fedbuff_v2_vqa_rad_closed_20260602_021123_best.pt
vqa_rad_closed,caa_fedbuff_v2,CAA-v2,44,caa_fedbuff_v2_vqa_rad_closed_20260602_021123,57,Where is the tip of the line?,mid left subclavian vein | not shown | uncertain | other,A,A,A,True,True,0.875,0.875,checkpoints/caa_fedbuff_v2_vqa_rad_closed_20260602_021123_best.pt
vqa_rad_closed,caa_fedbuff_v2,CAA-v2,44,caa_fedbuff_v2_vqa_rad_closed_20260602_021123,58,Is the left lung field more radioopaque than the right side?,yes | no |  | ,A,A,A,True,True,0.875,0.875,checkpoints/caa_fedbuff_v2_vqa_rad_closed_20260602_021123_best.pt
vqa_rad_closed,caa_fedbuff_v2,CAA-v2,44,caa_fedbuff_v2_vqa_rad_closed_20260602_021123,59,Has the midline of the mediastinum shifted?,yes | no |  | ,A,A,B,True,False,0.875,0.875,checkpoints/caa_fedbuff_v2_vqa_rad_closed_20260602_021123_best.pt
vqa_rad_closed,caa_fedbuff_v2,CAA-v2,44,caa_fedbuff_v2_vqa_rad_closed_20260602_021123,60,What is the biological sex of the patient?,Female | not shown | uncertain | other,C,C,A,True,False,0.875,0.875,checkpoints/caa_fedbuff_v2_vqa_rad_closed_20260602_021123_best.pt
vqa_rad_closed,caa_fedbuff_v2,CAA-v2,44,caa_fedbuff_v2_vqa_rad_closed_20260602_021123,61,Do the kidneys appear to be normal?,yes | no |  | ,A,A,A,True,True,0.875,0.875,checkpoints/caa_fedbuff_v2_vqa_rad_closed_20260602_021123_best.pt
vqa_rad_closed,caa_fedbuff_v2,CAA-v2,44,caa_fedbuff_v2_vqa_rad_closed_20260602_021123,62,Is this a CT image?,yes | no |  | ,B,B,B,True,True,0.875,0.875,checkpoints/caa_fedbuff_v2_vqa_rad_closed_20260602_021123_best.pt
vqa_rad_closed,caa_fedbuff_v2,CAA-v2,44,caa_fedbuff_v2_vqa_rad_closed_20260602_021123,63,Is the skull fractured?,yes | no |  | ,B,B,B,True,True,0.875,0.875,checkpoints/caa_fedbuff_v2_vqa_rad_closed_20260602_021123_best.pt
vqa_rad_closed,naive_async,Naive Async,44,naive_async_vqa_rad_closed_20260602_020504,0,Where is the opacity located?,"Right of the midline, superior to the right hilum | not shown | uncertain | other",A,A,A,True,True,0.875,0.875,checkpoints/naive_async_vqa_rad_closed_20260602_020504_best.pt
vqa_rad_closed,naive_async,Naive Async,44,naive_async_vqa_rad_closed_20260602_020504,1,What is the patient's gender?,Female | not shown | uncertain | other,B,B,A,True,False,0.875,0.875,checkpoints/naive_async_vqa_rad_closed_20260602_020504_best.pt
vqa_rad_closed,naive_async,Naive Async,44,naive_async_vqa_rad_closed_20260602_020504,2,Which ventricle is the mass located in?,4th ventricle | not shown | uncertain | other,A,A,A,True,True,0.875,0.875,checkpoints/naive_async_vqa_rad_closed_20260602_020504_best.pt
vqa_rad_closed,naive_async,Naive Async,44,naive_async_vqa_rad_closed_20260602_020504,3,The image probably had what incidental finding?,cavum vergae | not shown | uncertain | other,A,A,A,True,True,0.875,0.875,checkpoints/naive_async_vqa_rad_closed_20260602_020504_best.pt
vqa_rad_closed,naive_async,Naive Async,44,naive_async_vqa_rad_closed_20260602_020504,4,Is there a shift of midline structures?,yes | no |  | ,B,B,B,True,True,0.875,0.875,checkpoints/naive_async_vqa_rad_closed_20260602_020504_best.pt
vqa_rad_closed,naive_async,Naive Async,44,naive_async_vqa_rad_closed_20260602_020504,5,This image is consistent with what condition?,appendicitis | not shown | uncertain | other,A,A,A,True,True,0.875,0.875,checkpoints/naive_async_vqa_rad_closed_20260602_020504_best.pt
vqa_rad_closed,naive_async,Naive Async,44,naive_async_vqa_rad_closed_20260602_020504,6,Is this in a coronal plane?,yes | no |  | ,B,B,B,True,True,0.875,0.875,checkpoints/naive_async_vqa_rad_closed_20260602_020504_best.pt
vqa_rad_closed,naive_async,Naive Async,44,naive_async_vqa_rad_closed_20260602_020504,7,Which lung lobe has the least opacities?,Upper left | not shown | uncertain | other,A,A,A,True,True,0.875,0.875,checkpoints/naive_async_vqa_rad_closed_20260602_020504_best.pt
vqa_rad_closed,naive_async,Naive Async,44,naive_async_vqa_rad_closed_20260602_020504,8,Is the heart wider than more than half the width of the thorax?,yes | no |  | ,A,A,B,True,False,0.875,0.875,checkpoints/naive_async_vqa_rad_closed_20260602_020504_best.pt
vqa_rad_closed,naive_async,Naive Async,44,naive_async_vqa_rad_closed_20260602_020504,9,Is there cortical atrophy?,yes | no |  | ,A,A,B,True,False,0.875,0.875,checkpoints/naive_async_vqa_rad_closed_20260602_020504_best.pt
vqa_rad_closed,naive_async,Naive Async,44,naive_async_vqa_rad_closed_20260602_020504,10,IS this a neoplastic process?,yes | no |  | ,A,A,B,True,False,0.875,0.875,checkpoints/naive_async_vqa_rad_closed_20260602_020504_best.pt
vqa_rad_closed,naive_async,Naive Async,44,naive_async_vqa_rad_closed_20260602_020504,11,Do you see cardiomegaly?,yes | no |  | ,A,A,B,True,False,0.875,0.875,checkpoints/naive_async_vqa_rad_closed_20260602_020504_best.pt
vqa_rad_closed,naive_async,Naive Async,44,naive_async_vqa_rad_closed_20260602_020504,12,Where is the lesion located?,Right cerebellopontine angle | not shown | uncertain | other,A,A,A,True,True,0.875,0.875,checkpoints/naive_async_vqa_rad_closed_20260602_020504_best.pt
vqa_rad_closed,naive_async,Naive Async,44,naive_async_vqa_rad_closed_20260602_020504,13,Is the vertebrae fractured?,yes | no |  | ,B,B,B,True,True,0.875,0.875,checkpoints/naive_async_vqa_rad_closed_20260602_020504_best.pt
vqa_rad_closed,naive_async,Naive Async,44,naive_async_vqa_rad_closed_20260602_020504,14,What structure is depicted?,brain | not shown | uncertain | other,A,A,A,True,True,0.875,0.875,checkpoints/naive_async_vqa_rad_closed_20260602_020504_best.pt
vqa_rad_closed,naive_async,Naive Async,44,naive_async_vqa_rad_closed_20260602_020504,15,Is the fat surrounding the pancreas normal?,yes | no |  | ,B,B,B,True,True,0.875,0.875,checkpoints/naive_async_vqa_rad_closed_20260602_020504_best.pt
vqa_rad_closed,naive_async,Naive Async,44,naive_async_vqa_rad_closed_20260602_020504,16,What abnormalities are in the lung apices?,Nodular opacities | not shown | uncertain | other,B,B,A,True,False,0.875,0.875,checkpoints/naive_async_vqa_rad_closed_20260602_020504_best.pt
vqa_rad_closed,naive_async,Naive Async,44,naive_async_vqa_rad_closed_20260602_020504,17,Are the costophrenic angles preserved?,yes | no |  | ,A,A,A,True,True,0.875,0.875,checkpoints/naive_async_vqa_rad_closed_20260602_020504_best.pt
vqa_rad_closed,naive_async,Naive Async,44,naive_async_vqa_rad_closed_20260602_020504,18,Is there cardiomegaly present?,yes | no |  | ,A,A,B,True,False,0.875,0.875,checkpoints/naive_async_vqa_rad_closed_20260602_020504_best.pt
vqa_rad_closed,naive_async,Naive Async,44,naive_async_vqa_rad_closed_20260602_020504,19,Which kidney has fluid around it?,Right | not shown | uncertain | other,A,A,A,True,True,0.875,0.875,checkpoints/naive_async_vqa_rad_closed_20260602_020504_best.pt
vqa_rad_closed,naive_async,Naive Async,44,naive_async_vqa_rad_closed_20260602_020504,20,What are the hyperdensities on the periphery of the image?,Ribs | not shown | uncertain | other,A,A,A,True,True,0.875,0.875,checkpoints/naive_async_vqa_rad_closed_20260602_020504_best.pt
vqa_rad_closed,naive_async,Naive Async,44,naive_async_vqa_rad_closed_20260602_020504,21,Are lung markings present in the entire thoracic cavity?,yes | no |  | ,A,A,A,True,True,0.875,0.875,checkpoints/naive_async_vqa_rad_closed_20260602_020504_best.pt
vqa_rad_closed,naive_async,Naive Async,44,naive_async_vqa_rad_closed_20260602_020504,22,Is there evidence of a pneumoperitoneum?,yes | no |  | ,B,B,B,True,True,0.875,0.875,checkpoints/naive_async_vqa_rad_closed_20260602_020504_best.pt
vqa_rad_closed,naive_async,Naive Async,44,naive_async_vqa_rad_closed_20260602_020504,23,Is there any tracheal deviation present?,yes | no |  | ,B,B,B,True,True,0.875,0.875,checkpoints/naive_async_vqa_rad_closed_20260602_020504_best.pt
vqa_rad_closed,naive_async,Naive Async,44,naive_async_vqa_rad_closed_20260602_020504,24,What plane is the above image acquired in?,axial | not shown | uncertain | other,A,A,A,True,True,0.875,0.875,checkpoints/naive_async_vqa_rad_closed_20260602_020504_best.pt
vqa_rad_closed,naive_async,Naive Async,44,naive_async_vqa_rad_closed_20260602_020504,25,Where does the L renal vein connect to,IVC | not shown | uncertain | other,A,A,A,True,True,0.875,0.875,checkpoints/naive_async_vqa_rad_closed_20260602_020504_best.pt
vqa_rad_closed,naive_async,Naive Async,44,naive_async_vqa_rad_closed_20260602_020504,26,Is the aorta dilated?,yes | no |  | ,A,A,B,True,False,0.875,0.875,checkpoints/naive_async_vqa_rad_closed_20260602_020504_best.pt
vqa_rad_closed,naive_async,Naive Async,44,naive_async_vqa_rad_closed_20260602_020504,27,Are the lungs normal?,yes | no |  | ,B,B,B,True,True,0.875,0.875,checkpoints/naive_async_vqa_rad_closed_20260602_020504_best.pt
vqa_rad_closed,naive_async,Naive Async,44,naive_async_vqa_rad_closed_20260602_020504,28,Is there free air in the abdomen?,yes | no |  | ,A,A,B,True,False,0.875,0.875,checkpoints/naive_async_vqa_rad_closed_20260602_020504_best.pt
vqa_rad_closed,naive_async,Naive Async,44,naive_async_vqa_rad_closed_20260602_020504,29,What characteristic finding do you see in the aortopulmonary window?,middle mogul | not shown | uncertain | other,A,A,A,True,True,0.875,0.875,checkpoints/naive_async_vqa_rad_closed_20260602_020504_best.pt
vqa_rad_closed,naive_async,Naive Async,44,naive_async_vqa_rad_closed_20260602_020504,30,What are the hyperdense opacities located around the periphery?,Ribs | not shown | uncertain | other,A,A,A,True,True,0.875,0.875,checkpoints/naive_async_vqa_rad_closed_20260602_020504_best.pt
vqa_rad_closed,naive_async,Naive Async,44,naive_async_vqa_rad_closed_20260602_020504,31,Is there air present under the diaphragm?,yes | no |  | ,B,B,B,True,True,0.875,0.875,checkpoints/naive_async_vqa_rad_closed_20260602_020504_best.pt
vqa_rad_closed,naive_async,Naive Async,44,naive_async_vqa_rad_closed_20260602_020504,32,Is there evidence of an aortic aneurysm?,yes | no |  | ,A,A,A,True,True,0.875,0.875,checkpoints/naive_async_vqa_rad_closed_20260602_020504_best.pt
vqa_rad_closed,naive_async,Naive Async,44,naive_async_vqa_rad_closed_20260602_020504,33,are there increased vascular markings,yes | no |  | ,A,A,A,True,True,0.875,0.875,checkpoints/naive_async_vqa_rad_closed_20260602_020504_best.pt
vqa_rad_closed,naive_async,Naive Async,44,naive_async_vqa_rad_closed_20260602_020504,34,Are the hepatic lesions ring enhancing?,yes | no |  | ,A,A,B,True,False,0.875,0.875,checkpoints/naive_async_vqa_rad_closed_20260602_020504_best.pt
vqa_rad_closed,naive_async,Naive Async,44,naive_async_vqa_rad_closed_20260602_020504,35,Is this a pleural effusion,yes | no |  | ,A,A,A,True,True,0.875,0.875,checkpoints/naive_async_vqa_rad_closed_20260602_020504_best.pt
vqa_rad_closed,naive_async,Naive Async,44,naive_async_vqa_rad_closed_20260602_020504,36,What type of artifact is shown in this image?,Motion | not shown | uncertain | other,A,A,A,True,True,0.875,0.875,checkpoints/naive_async_vqa_rad_closed_20260602_020504_best.pt
vqa_rad_closed,naive_async,Naive Async,44,naive_async_vqa_rad_closed_20260602_020504,37,Is there more than one organ system present in the image?,yes | no |  | ,B,B,B,True,True,0.875,0.875,checkpoints/naive_async_vqa_rad_closed_20260602_020504_best.pt
vqa_rad_closed,naive_async,Naive Async,44,naive_async_vqa_rad_closed_20260602_020504,38,Is this an axial or saggital view of the brain?,Axial | not shown | uncertain | other,A,A,A,True,True,0.875,0.875,checkpoints/naive_async_vqa_rad_closed_20260602_020504_best.pt
vqa_rad_closed,naive_async,Naive Async,44,naive_async_vqa_rad_closed_20260602_020504,39,What is the pathology?,Diverticulitis | not shown | uncertain | other,C,C,A,True,False,0.875,0.875,checkpoints/naive_async_vqa_rad_closed_20260602_020504_best.pt
vqa_rad_closed,naive_async,Naive Async,44,naive_async_vqa_rad_closed_20260602_020504,40,Where is the pleural effusion located?,Right side | not shown | uncertain | other,A,A,A,True,True,0.875,0.875,checkpoints/naive_async_vqa_rad_closed_20260602_020504_best.pt
vqa_rad_closed,naive_async,Naive Async,44,naive_async_vqa_rad_closed_20260602_020504,41,Are the bronchial airways enlarged?,yes | no |  | ,A,A,A,True,True,0.875,0.875,checkpoints/naive_async_vqa_rad_closed_20260602_020504_best.pt
vqa_rad_closed,naive_async,Naive Async,44,naive_async_vqa_rad_closed_20260602_020504,42,Are the sulci abnormal?,yes | no |  | ,A,A,B,True,False,0.875,0.875,checkpoints/naive_async_vqa_rad_closed_20260602_020504_best.pt
vqa_rad_closed,naive_async,Naive Async,44,naive_async_vqa_rad_closed_20260602_020504,43,Is this an axial view of the brain?,yes | no |  | ,A,A,A,True,True,0.875,0.875,checkpoints/naive_async_vqa_rad_closed_20260602_020504_best.pt
vqa_rad_closed,naive_async,Naive Async,44,naive_async_vqa_rad_closed_20260602_020504,44,Is this a contrast-enhanced CT?,yes | no |  | ,A,A,A,True,True,0.875,0.875,checkpoints/naive_async_vqa_rad_closed_20260602_020504_best.pt
vqa_rad_closed,naive_async,Naive Async,44,naive_async_vqa_rad_closed_20260602_020504,45,Is the appendix enlarged?,yes | no |  | ,A,A,A,True,True,0.875,0.875,checkpoints/naive_async_vqa_rad_closed_20260602_020504_best.pt
vqa_rad_closed,naive_async,Naive Async,44,naive_async_vqa_rad_closed_20260602_020504,46,Are liver findings normal?,yes | no |  | ,B,B,A,True,False,0.875,0.875,checkpoints/naive_async_vqa_rad_closed_20260602_020504_best.pt
vqa_rad_closed,naive_async,Naive Async,44,naive_async_vqa_rad_closed_20260602_020504,47,Is there a widened mediastinum?,yes | no |  | ,A,A,A,True,True,0.875,0.875,checkpoints/naive_async_vqa_rad_closed_20260602_020504_best.pt
vqa_rad_closed,naive_async,Naive Async,44,naive_async_vqa_rad_closed_20260602_020504,48,Can you evaluate a mediastinum in the shown image?,yes | no |  | ,B,B,B,True,True,0.875,0.875,checkpoints/naive_async_vqa_rad_closed_20260602_020504_best.pt
vqa_rad_closed,naive_async,Naive Async,44,naive_async_vqa_rad_closed_20260602_020504,49,Is the gallbladder present?,yes | no |  | ,A,A,A,True,True,0.875,0.875,checkpoints/naive_async_vqa_rad_closed_20260602_020504_best.pt
vqa_rad_closed,naive_async,Naive Async,44,naive_async_vqa_rad_closed_20260602_020504,50,Is the diaphragm obscured?,yes | no |  | ,A,A,B,True,False,0.875,0.875,checkpoints/naive_async_vqa_rad_closed_20260602_020504_best.pt
vqa_rad_closed,naive_async,Naive Async,44,naive_async_vqa_rad_closed_20260602_020504,51,Is this image normal or abnormal?,Abnormal | not shown | uncertain | other,A,A,A,True,True,0.875,0.875,checkpoints/naive_async_vqa_rad_closed_20260602_020504_best.pt
vqa_rad_closed,naive_async,Naive Async,44,naive_async_vqa_rad_closed_20260602_020504,52,Is there free air present?,yes | no |  | ,A,A,B,True,False,0.875,0.875,checkpoints/naive_async_vqa_rad_closed_20260602_020504_best.pt
vqa_rad_closed,naive_async,Naive Async,44,naive_async_vqa_rad_closed_20260602_020504,53,The lesion is isointense to what object normally found in the brain?,CSF | not shown | uncertain | other,A,A,A,True,True,0.875,0.875,checkpoints/naive_async_vqa_rad_closed_20260602_020504_best.pt
vqa_rad_closed,naive_async,Naive Async,44,naive_async_vqa_rad_closed_20260602_020504,54,Is the mediastinum visualized?,yes | no |  | ,A,A,B,True,False,0.875,0.875,checkpoints/naive_async_vqa_rad_closed_20260602_020504_best.pt
vqa_rad_closed,naive_async,Naive Async,44,naive_async_vqa_rad_closed_20260602_020504,55,Is the appendix normal in size?,yes | no |  | ,B,B,A,True,False,0.875,0.875,checkpoints/naive_async_vqa_rad_closed_20260602_020504_best.pt
vqa_rad_closed,naive_async,Naive Async,44,naive_async_vqa_rad_closed_20260602_020504,56,What is this lucency amid densities in the right lung?,The right bronchus | not shown | uncertain | other,A,A,A,True,True,0.875,0.875,checkpoints/naive_async_vqa_rad_closed_20260602_020504_best.pt
vqa_rad_closed,naive_async,Naive Async,44,naive_async_vqa_rad_closed_20260602_020504,57,Where is the tip of the line?,mid left subclavian vein | not shown | uncertain | other,A,A,A,True,True,0.875,0.875,checkpoints/naive_async_vqa_rad_closed_20260602_020504_best.pt
vqa_rad_closed,naive_async,Naive Async,44,naive_async_vqa_rad_closed_20260602_020504,58,Is the left lung field more radioopaque than the right side?,yes | no |  | ,A,A,A,True,True,0.875,0.875,checkpoints/naive_async_vqa_rad_closed_20260602_020504_best.pt
vqa_rad_closed,naive_async,Naive Async,44,naive_async_vqa_rad_closed_20260602_020504,59,Has the midline of the mediastinum shifted?,yes | no |  | ,B,B,B,True,True,0.875,0.875,checkpoints/naive_async_vqa_rad_closed_20260602_020504_best.pt
vqa_rad_closed,naive_async,Naive Async,44,naive_async_vqa_rad_closed_20260602_020504,60,What is the biological sex of the patient?,Female | not shown | uncertain | other,C,C,A,True,False,0.875,0.875,checkpoints/naive_async_vqa_rad_closed_20260602_020504_best.pt
vqa_rad_closed,naive_async,Naive Async,44,naive_async_vqa_rad_closed_20260602_020504,61,Do the kidneys appear to be normal?,yes | no |  | ,A,A,A,True,True,0.875,0.875,checkpoints/naive_async_vqa_rad_closed_20260602_020504_best.pt
vqa_rad_closed,naive_async,Naive Async,44,naive_async_vqa_rad_closed_20260602_020504,62,Is this a CT image?,yes | no |  | ,B,B,B,True,True,0.875,0.875,checkpoints/naive_async_vqa_rad_closed_20260602_020504_best.pt
vqa_rad_closed,naive_async,Naive Async,44,naive_async_vqa_rad_closed_20260602_020504,63,Is the skull fractured?,yes | no |  | ,B,B,B,True,True,0.875,0.875,checkpoints/naive_async_vqa_rad_closed_20260602_020504_best.pt
vqa_rad_closed,sync_fedavg,Sync,44,sync_fedavg_vqa_rad_closed_20260602_020327,0,Where is the opacity located?,"Right of the midline, superior to the right hilum | not shown | uncertain | other",A,A,A,True,True,1.0,1.0,checkpoints/sync_fedavg_vqa_rad_closed_20260602_020327_best.pt
vqa_rad_closed,sync_fedavg,Sync,44,sync_fedavg_vqa_rad_closed_20260602_020327,1,What is the patient's gender?,Female | not shown | uncertain | other,A,A,A,True,True,1.0,1.0,checkpoints/sync_fedavg_vqa_rad_closed_20260602_020327_best.pt
vqa_rad_closed,sync_fedavg,Sync,44,sync_fedavg_vqa_rad_closed_20260602_020327,2,Which ventricle is the mass located in?,4th ventricle | not shown | uncertain | other,A,A,A,True,True,1.0,1.0,checkpoints/sync_fedavg_vqa_rad_closed_20260602_020327_best.pt
vqa_rad_closed,sync_fedavg,Sync,44,sync_fedavg_vqa_rad_closed_20260602_020327,3,The image probably had what incidental finding?,cavum vergae | not shown | uncertain | other,A,A,A,True,True,1.0,1.0,checkpoints/sync_fedavg_vqa_rad_closed_20260602_020327_best.pt
vqa_rad_closed,sync_fedavg,Sync,44,sync_fedavg_vqa_rad_closed_20260602_020327,4,Is there a shift of midline structures?,yes | no |  | ,B,B,B,True,True,1.0,1.0,checkpoints/sync_fedavg_vqa_rad_closed_20260602_020327_best.pt
vqa_rad_closed,sync_fedavg,Sync,44,sync_fedavg_vqa_rad_closed_20260602_020327,5,This image is consistent with what condition?,appendicitis | not shown | uncertain | other,A,A,A,True,True,1.0,1.0,checkpoints/sync_fedavg_vqa_rad_closed_20260602_020327_best.pt
vqa_rad_closed,sync_fedavg,Sync,44,sync_fedavg_vqa_rad_closed_20260602_020327,6,Is this in a coronal plane?,yes | no |  | ,B,B,B,True,True,1.0,1.0,checkpoints/sync_fedavg_vqa_rad_closed_20260602_020327_best.pt
vqa_rad_closed,sync_fedavg,Sync,44,sync_fedavg_vqa_rad_closed_20260602_020327,7,Which lung lobe has the least opacities?,Upper left | not shown | uncertain | other,A,A,A,True,True,1.0,1.0,checkpoints/sync_fedavg_vqa_rad_closed_20260602_020327_best.pt
vqa_rad_closed,sync_fedavg,Sync,44,sync_fedavg_vqa_rad_closed_20260602_020327,8,Is the heart wider than more than half the width of the thorax?,yes | no |  | ,A,A,B,True,False,1.0,1.0,checkpoints/sync_fedavg_vqa_rad_closed_20260602_020327_best.pt
vqa_rad_closed,sync_fedavg,Sync,44,sync_fedavg_vqa_rad_closed_20260602_020327,9,Is there cortical atrophy?,yes | no |  | ,A,A,B,True,False,1.0,1.0,checkpoints/sync_fedavg_vqa_rad_closed_20260602_020327_best.pt
vqa_rad_closed,sync_fedavg,Sync,44,sync_fedavg_vqa_rad_closed_20260602_020327,10,IS this a neoplastic process?,yes | no |  | ,A,A,B,True,False,1.0,1.0,checkpoints/sync_fedavg_vqa_rad_closed_20260602_020327_best.pt
vqa_rad_closed,sync_fedavg,Sync,44,sync_fedavg_vqa_rad_closed_20260602_020327,11,Do you see cardiomegaly?,yes | no |  | ,A,A,B,True,False,1.0,1.0,checkpoints/sync_fedavg_vqa_rad_closed_20260602_020327_best.pt
vqa_rad_closed,sync_fedavg,Sync,44,sync_fedavg_vqa_rad_closed_20260602_020327,12,Where is the lesion located?,Right cerebellopontine angle | not shown | uncertain | other,A,A,A,True,True,1.0,1.0,checkpoints/sync_fedavg_vqa_rad_closed_20260602_020327_best.pt
vqa_rad_closed,sync_fedavg,Sync,44,sync_fedavg_vqa_rad_closed_20260602_020327,13,Is the vertebrae fractured?,yes | no |  | ,B,B,B,True,True,1.0,1.0,checkpoints/sync_fedavg_vqa_rad_closed_20260602_020327_best.pt
vqa_rad_closed,sync_fedavg,Sync,44,sync_fedavg_vqa_rad_closed_20260602_020327,14,What structure is depicted?,brain | not shown | uncertain | other,A,A,A,True,True,1.0,1.0,checkpoints/sync_fedavg_vqa_rad_closed_20260602_020327_best.pt
vqa_rad_closed,sync_fedavg,Sync,44,sync_fedavg_vqa_rad_closed_20260602_020327,15,Is the fat surrounding the pancreas normal?,yes | no |  | ,B,B,B,True,True,1.0,1.0,checkpoints/sync_fedavg_vqa_rad_closed_20260602_020327_best.pt
vqa_rad_closed,sync_fedavg,Sync,44,sync_fedavg_vqa_rad_closed_20260602_020327,16,What abnormalities are in the lung apices?,Nodular opacities | not shown | uncertain | other,A,A,A,True,True,1.0,1.0,checkpoints/sync_fedavg_vqa_rad_closed_20260602_020327_best.pt
vqa_rad_closed,sync_fedavg,Sync,44,sync_fedavg_vqa_rad_closed_20260602_020327,17,Are the costophrenic angles preserved?,yes | no |  | ,A,A,A,True,True,1.0,1.0,checkpoints/sync_fedavg_vqa_rad_closed_20260602_020327_best.pt
vqa_rad_closed,sync_fedavg,Sync,44,sync_fedavg_vqa_rad_closed_20260602_020327,18,Is there cardiomegaly present?,yes | no |  | ,A,A,B,True,False,1.0,1.0,checkpoints/sync_fedavg_vqa_rad_closed_20260602_020327_best.pt
vqa_rad_closed,sync_fedavg,Sync,44,sync_fedavg_vqa_rad_closed_20260602_020327,19,Which kidney has fluid around it?,Right | not shown | uncertain | other,A,A,A,True,True,1.0,1.0,checkpoints/sync_fedavg_vqa_rad_closed_20260602_020327_best.pt
vqa_rad_closed,sync_fedavg,Sync,44,sync_fedavg_vqa_rad_closed_20260602_020327,20,What are the hyperdensities on the periphery of the image?,Ribs | not shown | uncertain | other,A,A,A,True,True,1.0,1.0,checkpoints/sync_fedavg_vqa_rad_closed_20260602_020327_best.pt
vqa_rad_closed,sync_fedavg,Sync,44,sync_fedavg_vqa_rad_closed_20260602_020327,21,Are lung markings present in the entire thoracic cavity?,yes | no |  | ,A,A,A,True,True,1.0,1.0,checkpoints/sync_fedavg_vqa_rad_closed_20260602_020327_best.pt
vqa_rad_closed,sync_fedavg,Sync,44,sync_fedavg_vqa_rad_closed_20260602_020327,22,Is there evidence of a pneumoperitoneum?,yes | no |  | ,B,B,B,True,True,1.0,1.0,checkpoints/sync_fedavg_vqa_rad_closed_20260602_020327_best.pt
vqa_rad_closed,sync_fedavg,Sync,44,sync_fedavg_vqa_rad_closed_20260602_020327,23,Is there any tracheal deviation present?,yes | no |  | ,B,B,B,True,True,1.0,1.0,checkpoints/sync_fedavg_vqa_rad_closed_20260602_020327_best.pt
vqa_rad_closed,sync_fedavg,Sync,44,sync_fedavg_vqa_rad_closed_20260602_020327,24,What plane is the above image acquired in?,axial | not shown | uncertain | other,A,A,A,True,True,1.0,1.0,checkpoints/sync_fedavg_vqa_rad_closed_20260602_020327_best.pt
vqa_rad_closed,sync_fedavg,Sync,44,sync_fedavg_vqa_rad_closed_20260602_020327,25,Where does the L renal vein connect to,IVC | not shown | uncertain | other,A,A,A,True,True,1.0,1.0,checkpoints/sync_fedavg_vqa_rad_closed_20260602_020327_best.pt
vqa_rad_closed,sync_fedavg,Sync,44,sync_fedavg_vqa_rad_closed_20260602_020327,26,Is the aorta dilated?,yes | no |  | ,A,A,B,True,False,1.0,1.0,checkpoints/sync_fedavg_vqa_rad_closed_20260602_020327_best.pt
vqa_rad_closed,sync_fedavg,Sync,44,sync_fedavg_vqa_rad_closed_20260602_020327,27,Are the lungs normal?,yes | no |  | ,B,B,B,True,True,1.0,1.0,checkpoints/sync_fedavg_vqa_rad_closed_20260602_020327_best.pt
vqa_rad_closed,sync_fedavg,Sync,44,sync_fedavg_vqa_rad_closed_20260602_020327,28,Is there free air in the abdomen?,yes | no |  | ,A,A,B,True,False,1.0,1.0,checkpoints/sync_fedavg_vqa_rad_closed_20260602_020327_best.pt
vqa_rad_closed,sync_fedavg,Sync,44,sync_fedavg_vqa_rad_closed_20260602_020327,29,What characteristic finding do you see in the aortopulmonary window?,middle mogul | not shown | uncertain | other,A,A,A,True,True,1.0,1.0,checkpoints/sync_fedavg_vqa_rad_closed_20260602_020327_best.pt
vqa_rad_closed,sync_fedavg,Sync,44,sync_fedavg_vqa_rad_closed_20260602_020327,30,What are the hyperdense opacities located around the periphery?,Ribs | not shown | uncertain | other,A,A,A,True,True,1.0,1.0,checkpoints/sync_fedavg_vqa_rad_closed_20260602_020327_best.pt
vqa_rad_closed,sync_fedavg,Sync,44,sync_fedavg_vqa_rad_closed_20260602_020327,31,Is there air present under the diaphragm?,yes | no |  | ,A,A,B,True,False,1.0,1.0,checkpoints/sync_fedavg_vqa_rad_closed_20260602_020327_best.pt
vqa_rad_closed,sync_fedavg,Sync,44,sync_fedavg_vqa_rad_closed_20260602_020327,32,Is there evidence of an aortic aneurysm?,yes | no |  | ,A,A,A,True,True,1.0,1.0,checkpoints/sync_fedavg_vqa_rad_closed_20260602_020327_best.pt
vqa_rad_closed,sync_fedavg,Sync,44,sync_fedavg_vqa_rad_closed_20260602_020327,33,are there increased vascular markings,yes | no |  | ,A,A,A,True,True,1.0,1.0,checkpoints/sync_fedavg_vqa_rad_closed_20260602_020327_best.pt
vqa_rad_closed,sync_fedavg,Sync,44,sync_fedavg_vqa_rad_closed_20260602_020327,34,Are the hepatic lesions ring enhancing?,yes | no |  | ,A,A,B,True,False,1.0,1.0,checkpoints/sync_fedavg_vqa_rad_closed_20260602_020327_best.pt
vqa_rad_closed,sync_fedavg,Sync,44,sync_fedavg_vqa_rad_closed_20260602_020327,35,Is this a pleural effusion,yes | no |  | ,A,A,A,True,True,1.0,1.0,checkpoints/sync_fedavg_vqa_rad_closed_20260602_020327_best.pt
vqa_rad_closed,sync_fedavg,Sync,44,sync_fedavg_vqa_rad_closed_20260602_020327,36,What type of artifact is shown in this image?,Motion | not shown | uncertain | other,A,A,A,True,True,1.0,1.0,checkpoints/sync_fedavg_vqa_rad_closed_20260602_020327_best.pt
vqa_rad_closed,sync_fedavg,Sync,44,sync_fedavg_vqa_rad_closed_20260602_020327,37,Is there more than one organ system present in the image?,yes | no |  | ,B,B,B,True,True,1.0,1.0,checkpoints/sync_fedavg_vqa_rad_closed_20260602_020327_best.pt
vqa_rad_closed,sync_fedavg,Sync,44,sync_fedavg_vqa_rad_closed_20260602_020327,38,Is this an axial or saggital view of the brain?,Axial | not shown | uncertain | other,A,A,A,True,True,1.0,1.0,checkpoints/sync_fedavg_vqa_rad_closed_20260602_020327_best.pt
vqa_rad_closed,sync_fedavg,Sync,44,sync_fedavg_vqa_rad_closed_20260602_020327,39,What is the pathology?,Diverticulitis | not shown | uncertain | other,A,A,A,True,True,1.0,1.0,checkpoints/sync_fedavg_vqa_rad_closed_20260602_020327_best.pt
vqa_rad_closed,sync_fedavg,Sync,44,sync_fedavg_vqa_rad_closed_20260602_020327,40,Where is the pleural effusion located?,Right side | not shown | uncertain | other,A,A,A,True,True,1.0,1.0,checkpoints/sync_fedavg_vqa_rad_closed_20260602_020327_best.pt
vqa_rad_closed,sync_fedavg,Sync,44,sync_fedavg_vqa_rad_closed_20260602_020327,41,Are the bronchial airways enlarged?,yes | no |  | ,A,A,A,True,True,1.0,1.0,checkpoints/sync_fedavg_vqa_rad_closed_20260602_020327_best.pt
vqa_rad_closed,sync_fedavg,Sync,44,sync_fedavg_vqa_rad_closed_20260602_020327,42,Are the sulci abnormal?,yes | no |  | ,A,A,B,True,False,1.0,1.0,checkpoints/sync_fedavg_vqa_rad_closed_20260602_020327_best.pt
vqa_rad_closed,sync_fedavg,Sync,44,sync_fedavg_vqa_rad_closed_20260602_020327,43,Is this an axial view of the brain?,yes | no |  | ,A,A,A,True,True,1.0,1.0,checkpoints/sync_fedavg_vqa_rad_closed_20260602_020327_best.pt
vqa_rad_closed,sync_fedavg,Sync,44,sync_fedavg_vqa_rad_closed_20260602_020327,44,Is this a contrast-enhanced CT?,yes | no |  | ,A,A,A,True,True,1.0,1.0,checkpoints/sync_fedavg_vqa_rad_closed_20260602_020327_best.pt
vqa_rad_closed,sync_fedavg,Sync,44,sync_fedavg_vqa_rad_closed_20260602_020327,45,Is the appendix enlarged?,yes | no |  | ,A,A,A,True,True,1.0,1.0,checkpoints/sync_fedavg_vqa_rad_closed_20260602_020327_best.pt
vqa_rad_closed,sync_fedavg,Sync,44,sync_fedavg_vqa_rad_closed_20260602_020327,46,Are liver findings normal?,yes | no |  | ,B,B,A,True,False,1.0,1.0,checkpoints/sync_fedavg_vqa_rad_closed_20260602_020327_best.pt
vqa_rad_closed,sync_fedavg,Sync,44,sync_fedavg_vqa_rad_closed_20260602_020327,47,Is there a widened mediastinum?,yes | no |  | ,A,A,A,True,True,1.0,1.0,checkpoints/sync_fedavg_vqa_rad_closed_20260602_020327_best.pt
vqa_rad_closed,sync_fedavg,Sync,44,sync_fedavg_vqa_rad_closed_20260602_020327,48,Can you evaluate a mediastinum in the shown image?,yes | no |  | ,A,A,B,True,False,1.0,1.0,checkpoints/sync_fedavg_vqa_rad_closed_20260602_020327_best.pt
vqa_rad_closed,sync_fedavg,Sync,44,sync_fedavg_vqa_rad_closed_20260602_020327,49,Is the gallbladder present?,yes | no |  | ,A,A,A,True,True,1.0,1.0,checkpoints/sync_fedavg_vqa_rad_closed_20260602_020327_best.pt
vqa_rad_closed,sync_fedavg,Sync,44,sync_fedavg_vqa_rad_closed_20260602_020327,50,Is the diaphragm obscured?,yes | no |  | ,A,A,B,True,False,1.0,1.0,checkpoints/sync_fedavg_vqa_rad_closed_20260602_020327_best.pt
vqa_rad_closed,sync_fedavg,Sync,44,sync_fedavg_vqa_rad_closed_20260602_020327,51,Is this image normal or abnormal?,Abnormal | not shown | uncertain | other,A,A,A,True,True,1.0,1.0,checkpoints/sync_fedavg_vqa_rad_closed_20260602_020327_best.pt
vqa_rad_closed,sync_fedavg,Sync,44,sync_fedavg_vqa_rad_closed_20260602_020327,52,Is there free air present?,yes | no |  | ,A,A,B,True,False,1.0,1.0,checkpoints/sync_fedavg_vqa_rad_closed_20260602_020327_best.pt
vqa_rad_closed,sync_fedavg,Sync,44,sync_fedavg_vqa_rad_closed_20260602_020327,53,The lesion is isointense to what object normally found in the brain?,CSF | not shown | uncertain | other,A,A,A,True,True,1.0,1.0,checkpoints/sync_fedavg_vqa_rad_closed_20260602_020327_best.pt
vqa_rad_closed,sync_fedavg,Sync,44,sync_fedavg_vqa_rad_closed_20260602_020327,54,Is the mediastinum visualized?,yes | no |  | ,A,A,B,True,False,1.0,1.0,checkpoints/sync_fedavg_vqa_rad_closed_20260602_020327_best.pt
vqa_rad_closed,sync_fedavg,Sync,44,sync_fedavg_vqa_rad_closed_20260602_020327,55,Is the appendix normal in size?,yes | no |  | ,B,B,A,True,False,1.0,1.0,checkpoints/sync_fedavg_vqa_rad_closed_20260602_020327_best.pt
vqa_rad_closed,sync_fedavg,Sync,44,sync_fedavg_vqa_rad_closed_20260602_020327,56,What is this lucency amid densities in the right lung?,The right bronchus | not shown | uncertain | other,A,A,A,True,True,1.0,1.0,checkpoints/sync_fedavg_vqa_rad_closed_20260602_020327_best.pt
vqa_rad_closed,sync_fedavg,Sync,44,sync_fedavg_vqa_rad_closed_20260602_020327,57,Where is the tip of the line?,mid left subclavian vein | not shown | uncertain | other,A,A,A,True,True,1.0,1.0,checkpoints/sync_fedavg_vqa_rad_closed_20260602_020327_best.pt
vqa_rad_closed,sync_fedavg,Sync,44,sync_fedavg_vqa_rad_closed_20260602_020327,58,Is the left lung field more radioopaque than the right side?,yes | no |  | ,A,A,A,True,True,1.0,1.0,checkpoints/sync_fedavg_vqa_rad_closed_20260602_020327_best.pt
vqa_rad_closed,sync_fedavg,Sync,44,sync_fedavg_vqa_rad_closed_20260602_020327,59,Has the midline of the mediastinum shifted?,yes | no |  | ,A,A,B,True,False,1.0,1.0,checkpoints/sync_fedavg_vqa_rad_closed_20260602_020327_best.pt
vqa_rad_closed,sync_fedavg,Sync,44,sync_fedavg_vqa_rad_closed_20260602_020327,60,What is the biological sex of the patient?,Female | not shown | uncertain | other,A,A,A,True,True,1.0,1.0,checkpoints/sync_fedavg_vqa_rad_closed_20260602_020327_best.pt
vqa_rad_closed,sync_fedavg,Sync,44,sync_fedavg_vqa_rad_closed_20260602_020327,61,Do the kidneys appear to be normal?,yes | no |  | ,A,A,A,True,True,1.0,1.0,checkpoints/sync_fedavg_vqa_rad_closed_20260602_020327_best.pt
vqa_rad_closed,sync_fedavg,Sync,44,sync_fedavg_vqa_rad_closed_20260602_020327,62,Is this a CT image?,yes | no |  | ,B,B,B,True,True,1.0,1.0,checkpoints/sync_fedavg_vqa_rad_closed_20260602_020327_best.pt
vqa_rad_closed,sync_fedavg,Sync,44,sync_fedavg_vqa_rad_closed_20260602_020327,63,Is the skull fractured?,yes | no |  | ,B,B,B,True,True,1.0,1.0,checkpoints/sync_fedavg_vqa_rad_closed_20260602_020327_best.pt
path_vqa_closed,base,Base,44,base_zero_shot,0,is jejunum present?,yes | no |  | ,A,A,B,True,False,,,
path_vqa_closed,base,Base,44,base_zero_shot,1,do stress induce involution in baby with hyaline membrane disease?,yes | no |  | ,A,A,A,True,True,,,
path_vqa_closed,base,Base,44,base_zero_shot,2,what are present?,extremities | not shown | uncertain | other,A,A,A,True,True,,,
path_vqa_closed,base,Base,44,base_zero_shot,3,is vasculature present?,yes | no |  | ,A,A,A,True,True,,,
path_vqa_closed,base,Base,44,base_zero_shot,4,"does the cortical bone forming the outer shell show concentric lamellae along with osteocytic lacunae surrounding central blood vessels, while the trabecular bone forming the marrow space shows trabeculae with osteoclastic activity at the margins?",yes | no |  | ,A,A,A,True,True,,,
path_vqa_closed,base,Base,44,base_zero_shot,5,what shows uniform cells having high mitotic rate?,the tumour | not shown | uncertain | other,A,A,A,True,True,,,
path_vqa_closed,base,Base,44,base_zero_shot,6,what is present?,endocrine | not shown | uncertain | other,A,A,A,True,True,,,
path_vqa_closed,base,Base,44,base_zero_shot,7,what are present?,extremities | not shown | uncertain | other,B,B,A,True,False,,,
path_vqa_closed,base,Base,44,base_zero_shot,8,is abdomen present?,yes | no |  | ,B,B,B,True,True,,,
path_vqa_closed,base,Base,44,base_zero_shot,9,what is the necrotic ulcer base composed of?,granulation tissue overlaid by degraded blood | not shown | uncertain | other,A,A,A,True,True,,,
path_vqa_closed,base,Base,44,base_zero_shot,10,do a few areas show superficial invasive islands of malignant cells in the subepithelial soft tissues?,yes | no |  | ,A,A,A,True,True,,,
path_vqa_closed,base,Base,44,base_zero_shot,11,does this image show lung?,yes | no |  | ,A,A,A,True,True,,,
path_vqa_closed,base,Base,44,base_zero_shot,12,what does the abscess expand?,further causing necrosis of the cortex called sequestrum | not shown | uncertain | other,A,A,A,True,True,,,
path_vqa_closed,base,Base,44,base_zero_shot,13,what shows a hyper-segmented neutrophil with a six-lobed nucleus?,a peripheral blood smear | not shown | uncertain | other,A,A,A,True,True,,,
path_vqa_closed,base,Base,44,base_zero_shot,14,"does this image show intestine, leiomyoma?",yes | no |  | ,A,A,A,True,True,,,
path_vqa_closed,base,Base,44,base_zero_shot,15,is hepatobiliary present?,yes | no |  | ,A,A,A,True,True,,,
path_vqa_closed,base,Base,44,base_zero_shot,16,is history present?,yes | no |  | ,A,A,B,True,False,,,
path_vqa_closed,base,Base,44,base_zero_shot,17,is gastrointestinal present?,yes | no |  | ,A,A,A,True,True,,,
path_vqa_closed,base,Base,44,base_zero_shot,18,what is present?,respiratory | not shown | uncertain | other,A,A,A,True,True,,,
path_vqa_closed,base,Base,44,base_zero_shot,19,what is present?,gastrointestinal | not shown | uncertain | other,A,A,A,True,True,,,
path_vqa_closed,base,Base,44,base_zero_shot,20,what is present?,hematologic | not shown | uncertain | other,A,A,A,True,True,,,
path_vqa_closed,base,Base,44,base_zero_shot,21,is liver present?,yes | no |  | ,A,A,A,True,True,,,
path_vqa_closed,base,Base,44,base_zero_shot,22,where is this?,vasculature | not shown | uncertain | other,A,A,A,True,True,,,
path_vqa_closed,base,Base,44,base_zero_shot,23,does this image show obviously greatly swollen and pale kidney?,yes | no |  | ,A,A,A,True,True,,,
path_vqa_closed,base,Base,44,base_zero_shot,24,what is present?,adrenal | not shown | uncertain | other,A,A,A,True,True,,,
path_vqa_closed,base,Base,44,base_zero_shot,25,where does this belong to?,endocrine system | not shown | uncertain | other,A,A,A,True,True,,,
path_vqa_closed,base,Base,44,base_zero_shot,26,is oral present?,yes | no |  | ,A,A,A,True,True,,,
path_vqa_closed,base,Base,44,base_zero_shot,27,does this image show sarcoplasmic reticulum?,yes | no |  | ,A,A,A,True,True,,,
path_vqa_closed,base,Base,44,base_zero_shot,28,is this myoma present?,yes | no |  | ,B,B,B,True,True,,,
path_vqa_closed,base,Base,44,base_zero_shot,29,what is present?,chronic myelogenous leukemia | not shown | uncertain | other,A,A,A,True,True,,,
path_vqa_closed,base,Base,44,base_zero_shot,30,what is present?,vasculature | not shown | uncertain | other,A,A,A,True,True,,,
path_vqa_closed,base,Base,44,base_zero_shot,31,"does linear fracture in occiput show kidney, acute tubular necrosis?",yes | no |  | ,B,B,B,True,True,,,
path_vqa_closed,base,Base,44,base_zero_shot,32,what is present?,external view typical appearance but no tissue recognizable as ovary | not shown | uncertain | other,A,A,A,True,True,,,
path_vqa_closed,base,Base,44,base_zero_shot,33,is adenocarcinoma present?,yes | no |  | ,A,A,B,True,False,,,
path_vqa_closed,base,Base,44,base_zero_shot,34,is plexiform lesion characteristic of advanced pulmonary hypertension seen in small arteries?,yes | no |  | ,A,A,A,True,True,,,
path_vqa_closed,base,Base,44,base_zero_shot,35,is hematologic present?,yes | no |  | ,A,A,A,True,True,,,
path_vqa_closed,base,Base,44,base_zero_shot,36,is adrenal present?,yes | no |  | ,A,A,A,True,True,,,
path_vqa_closed,base,Base,44,base_zero_shot,37,what is present?,papillary intraductal adenocarcinoma | not shown | uncertain | other,A,A,A,True,True,,,
path_vqa_closed,base,Base,44,base_zero_shot,38,where is this in?,in vasculature | not shown | uncertain | other,A,A,A,True,True,,,
path_vqa_closed,base,Base,44,base_zero_shot,39,"are acute tubular epithelial cell injury with blebbing at the luminal pole, detachment of tubular cells from their underlying basement membranes, and granular present within the colon wall?",yes | no |  | ,A,A,B,True,False,,,
path_vqa_closed,base,Base,44,base_zero_shot,40,is 70yof present?,yes | no |  | ,B,B,B,True,True,,,
path_vqa_closed,base,Base,44,base_zero_shot,41,does this image show thermal burned skin?,yes | no |  | ,A,A,A,True,True,,,
path_vqa_closed,base,Base,44,base_zero_shot,42,does myoma lesion show epulis fissuratum?,yes | no |  | ,B,B,B,True,True,,,
path_vqa_closed,base,Base,44,base_zero_shot,43,where is this from?,female reproductive system | not shown | uncertain | other,A,A,A,True,True,,,
path_vqa_closed,base,Base,44,base_zero_shot,44,is intraductal papillomatosis with apocrine metaplasia present?,yes | no |  | ,A,A,A,True,True,,,
path_vqa_closed,base,Base,44,base_zero_shot,45,is varices present?,yes | no |  | ,A,A,B,True,False,,,
path_vqa_closed,base,Base,44,base_zero_shot,46,what is present?,cardiovascular | not shown | uncertain | other,A,A,A,True,True,,,
path_vqa_closed,base,Base,44,base_zero_shot,47,where is this?,oral | not shown | uncertain | other,A,A,A,True,True,,,
path_vqa_closed,base,Base,44,base_zero_shot,48,is a barely seen vascular mass extruding from occipital region of skull arms and legs present?,yes | no |  | ,B,B,B,True,True,,,
path_vqa_closed,base,Base,44,base_zero_shot,49,"did early (reversible) ischemic injury increase eosinophilia of cytoplasm, and swelling of occasional cells?",yes | no |  | ,A,A,B,True,False,,,
path_vqa_closed,base,Base,44,base_zero_shot,50,"does endocrine show esohagus, candida?",yes | no |  | ,B,B,B,True,True,,,
path_vqa_closed,base,Base,44,base_zero_shot,51,what is present?,oral | not shown | uncertain | other,A,A,A,True,True,,,
path_vqa_closed,base,Base,44,base_zero_shot,52,where is this?,pancreas | not shown | uncertain | other,A,A,A,True,True,,,
path_vqa_closed,base,Base,44,base_zero_shot,53,what does this image show?,body on autopsy table lesion that supposedly predicts premature coronary disease is easily seen | not shown | uncertain | other,A,A,A,True,True,,,
path_vqa_closed,base,Base,44,base_zero_shot,54,is malignant lymphoma present?,yes | no |  | ,A,A,A,True,True,,,
path_vqa_closed,base,Base,44,base_zero_shot,55,what induced discoloration?,tetracycline | not shown | uncertain | other,A,A,A,True,True,,,
path_vqa_closed,base,Base,44,base_zero_shot,56,"does lymphangiomatosis show cervix, squamous metaplasia?",yes | no |  | ,B,B,B,True,True,,,
path_vqa_closed,base,Base,44,base_zero_shot,57,does this image show excellent invasive tumor with marked desmoplastic reaction?,yes | no |  | ,A,A,A,True,True,,,
path_vqa_closed,base,Base,44,base_zero_shot,58,is this typical lesion present?,yes | no |  | ,A,A,B,True,False,,,
path_vqa_closed,base,Base,44,base_zero_shot,59,what does this image show?,opened chest with breast plate removed easily seen air bubbles | not shown | uncertain | other,A,A,A,True,True,,,
path_vqa_closed,base,Base,44,base_zero_shot,60,"does this image show lung fibrosis, scleroderma?",yes | no |  | ,A,A,A,True,True,,,
path_vqa_closed,base,Base,44,base_zero_shot,61,are foci of metaplastic squamous epithelium seen at other places?,yes | no |  | ,A,A,A,True,True,,,
path_vqa_closed,base,Base,44,base_zero_shot,62,what is there?,moderate microcytosis and hypochromia | not shown | uncertain | other,B,B,A,True,False,,,
path_vqa_closed,base,Base,44,base_zero_shot,63,is vasculature present?,yes | no |  | ,A,A,A,True,True,,,
path_vqa_closed,caa_fedbuff_v2,CAA-v2,44,caa_fedbuff_v2_path_vqa_closed_20260602_025238,0,is jejunum present?,yes | no |  | ,A,A,B,True,False,0.75,0.75,checkpoints/caa_fedbuff_v2_path_vqa_closed_20260602_025238_best.pt
path_vqa_closed,caa_fedbuff_v2,CAA-v2,44,caa_fedbuff_v2_path_vqa_closed_20260602_025238,1,do stress induce involution in baby with hyaline membrane disease?,yes | no |  | ,A,A,A,True,True,0.75,0.75,checkpoints/caa_fedbuff_v2_path_vqa_closed_20260602_025238_best.pt
path_vqa_closed,caa_fedbuff_v2,CAA-v2,44,caa_fedbuff_v2_path_vqa_closed_20260602_025238,2,what are present?,extremities | not shown | uncertain | other,A,A,A,True,True,0.75,0.75,checkpoints/caa_fedbuff_v2_path_vqa_closed_20260602_025238_best.pt
path_vqa_closed,caa_fedbuff_v2,CAA-v2,44,caa_fedbuff_v2_path_vqa_closed_20260602_025238,3,is vasculature present?,yes | no |  | ,A,A,A,True,True,0.75,0.75,checkpoints/caa_fedbuff_v2_path_vqa_closed_20260602_025238_best.pt
path_vqa_closed,caa_fedbuff_v2,CAA-v2,44,caa_fedbuff_v2_path_vqa_closed_20260602_025238,4,"does the cortical bone forming the outer shell show concentric lamellae along with osteocytic lacunae surrounding central blood vessels, while the trabecular bone forming the marrow space shows trabeculae with osteoclastic activity at the margins?",yes | no |  | ,A,A,A,True,True,0.75,0.75,checkpoints/caa_fedbuff_v2_path_vqa_closed_20260602_025238_best.pt
path_vqa_closed,caa_fedbuff_v2,CAA-v2,44,caa_fedbuff_v2_path_vqa_closed_20260602_025238,5,what shows uniform cells having high mitotic rate?,the tumour | not shown | uncertain | other,A,A,A,True,True,0.75,0.75,checkpoints/caa_fedbuff_v2_path_vqa_closed_20260602_025238_best.pt
path_vqa_closed,caa_fedbuff_v2,CAA-v2,44,caa_fedbuff_v2_path_vqa_closed_20260602_025238,6,what is present?,endocrine | not shown | uncertain | other,A,A,A,True,True,0.75,0.75,checkpoints/caa_fedbuff_v2_path_vqa_closed_20260602_025238_best.pt
path_vqa_closed,caa_fedbuff_v2,CAA-v2,44,caa_fedbuff_v2_path_vqa_closed_20260602_025238,7,what are present?,extremities | not shown | uncertain | other,B,B,A,True,False,0.75,0.75,checkpoints/caa_fedbuff_v2_path_vqa_closed_20260602_025238_best.pt
path_vqa_closed,caa_fedbuff_v2,CAA-v2,44,caa_fedbuff_v2_path_vqa_closed_20260602_025238,8,is abdomen present?,yes | no |  | ,B,B,B,True,True,0.75,0.75,checkpoints/caa_fedbuff_v2_path_vqa_closed_20260602_025238_best.pt
path_vqa_closed,caa_fedbuff_v2,CAA-v2,44,caa_fedbuff_v2_path_vqa_closed_20260602_025238,9,what is the necrotic ulcer base composed of?,granulation tissue overlaid by degraded blood | not shown | uncertain | other,A,A,A,True,True,0.75,0.75,checkpoints/caa_fedbuff_v2_path_vqa_closed_20260602_025238_best.pt
path_vqa_closed,caa_fedbuff_v2,CAA-v2,44,caa_fedbuff_v2_path_vqa_closed_20260602_025238,10,do a few areas show superficial invasive islands of malignant cells in the subepithelial soft tissues?,yes | no |  | ,A,A,A,True,True,0.75,0.75,checkpoints/caa_fedbuff_v2_path_vqa_closed_20260602_025238_best.pt
path_vqa_closed,caa_fedbuff_v2,CAA-v2,44,caa_fedbuff_v2_path_vqa_closed_20260602_025238,11,does this image show lung?,yes | no |  | ,A,A,A,True,True,0.75,0.75,checkpoints/caa_fedbuff_v2_path_vqa_closed_20260602_025238_best.pt
path_vqa_closed,caa_fedbuff_v2,CAA-v2,44,caa_fedbuff_v2_path_vqa_closed_20260602_025238,12,what does the abscess expand?,further causing necrosis of the cortex called sequestrum | not shown | uncertain | other,A,A,A,True,True,0.75,0.75,checkpoints/caa_fedbuff_v2_path_vqa_closed_20260602_025238_best.pt
path_vqa_closed,caa_fedbuff_v2,CAA-v2,44,caa_fedbuff_v2_path_vqa_closed_20260602_025238,13,what shows a hyper-segmented neutrophil with a six-lobed nucleus?,a peripheral blood smear | not shown | uncertain | other,A,A,A,True,True,0.75,0.75,checkpoints/caa_fedbuff_v2_path_vqa_closed_20260602_025238_best.pt
path_vqa_closed,caa_fedbuff_v2,CAA-v2,44,caa_fedbuff_v2_path_vqa_closed_20260602_025238,14,"does this image show intestine, leiomyoma?",yes | no |  | ,A,A,A,True,True,0.75,0.75,checkpoints/caa_fedbuff_v2_path_vqa_closed_20260602_025238_best.pt
path_vqa_closed,caa_fedbuff_v2,CAA-v2,44,caa_fedbuff_v2_path_vqa_closed_20260602_025238,15,is hepatobiliary present?,yes | no |  | ,A,A,A,True,True,0.75,0.75,checkpoints/caa_fedbuff_v2_path_vqa_closed_20260602_025238_best.pt
path_vqa_closed,caa_fedbuff_v2,CAA-v2,44,caa_fedbuff_v2_path_vqa_closed_20260602_025238,16,is history present?,yes | no |  | ,A,A,B,True,False,0.75,0.75,checkpoints/caa_fedbuff_v2_path_vqa_closed_20260602_025238_best.pt
path_vqa_closed,caa_fedbuff_v2,CAA-v2,44,caa_fedbuff_v2_path_vqa_closed_20260602_025238,17,is gastrointestinal present?,yes | no |  | ,A,A,A,True,True,0.75,0.75,checkpoints/caa_fedbuff_v2_path_vqa_closed_20260602_025238_best.pt
path_vqa_closed,caa_fedbuff_v2,CAA-v2,44,caa_fedbuff_v2_path_vqa_closed_20260602_025238,18,what is present?,respiratory | not shown | uncertain | other,A,A,A,True,True,0.75,0.75,checkpoints/caa_fedbuff_v2_path_vqa_closed_20260602_025238_best.pt
path_vqa_closed,caa_fedbuff_v2,CAA-v2,44,caa_fedbuff_v2_path_vqa_closed_20260602_025238,19,what is present?,gastrointestinal | not shown | uncertain | other,A,A,A,True,True,0.75,0.75,checkpoints/caa_fedbuff_v2_path_vqa_closed_20260602_025238_best.pt
path_vqa_closed,caa_fedbuff_v2,CAA-v2,44,caa_fedbuff_v2_path_vqa_closed_20260602_025238,20,what is present?,hematologic | not shown | uncertain | other,A,A,A,True,True,0.75,0.75,checkpoints/caa_fedbuff_v2_path_vqa_closed_20260602_025238_best.pt
path_vqa_closed,caa_fedbuff_v2,CAA-v2,44,caa_fedbuff_v2_path_vqa_closed_20260602_025238,21,is liver present?,yes | no |  | ,A,A,A,True,True,0.75,0.75,checkpoints/caa_fedbuff_v2_path_vqa_closed_20260602_025238_best.pt
path_vqa_closed,caa_fedbuff_v2,CAA-v2,44,caa_fedbuff_v2_path_vqa_closed_20260602_025238,22,where is this?,vasculature | not shown | uncertain | other,A,A,A,True,True,0.75,0.75,checkpoints/caa_fedbuff_v2_path_vqa_closed_20260602_025238_best.pt
path_vqa_closed,caa_fedbuff_v2,CAA-v2,44,caa_fedbuff_v2_path_vqa_closed_20260602_025238,23,does this image show obviously greatly swollen and pale kidney?,yes | no |  | ,A,A,A,True,True,0.75,0.75,checkpoints/caa_fedbuff_v2_path_vqa_closed_20260602_025238_best.pt
path_vqa_closed,caa_fedbuff_v2,CAA-v2,44,caa_fedbuff_v2_path_vqa_closed_20260602_025238,24,what is present?,adrenal | not shown | uncertain | other,A,A,A,True,True,0.75,0.75,checkpoints/caa_fedbuff_v2_path_vqa_closed_20260602_025238_best.pt
path_vqa_closed,caa_fedbuff_v2,CAA-v2,44,caa_fedbuff_v2_path_vqa_closed_20260602_025238,25,where does this belong to?,endocrine system | not shown | uncertain | other,A,A,A,True,True,0.75,0.75,checkpoints/caa_fedbuff_v2_path_vqa_closed_20260602_025238_best.pt
path_vqa_closed,caa_fedbuff_v2,CAA-v2,44,caa_fedbuff_v2_path_vqa_closed_20260602_025238,26,is oral present?,yes | no |  | ,A,A,A,True,True,0.75,0.75,checkpoints/caa_fedbuff_v2_path_vqa_closed_20260602_025238_best.pt
path_vqa_closed,caa_fedbuff_v2,CAA-v2,44,caa_fedbuff_v2_path_vqa_closed_20260602_025238,27,does this image show sarcoplasmic reticulum?,yes | no |  | ,A,A,A,True,True,0.75,0.75,checkpoints/caa_fedbuff_v2_path_vqa_closed_20260602_025238_best.pt
path_vqa_closed,caa_fedbuff_v2,CAA-v2,44,caa_fedbuff_v2_path_vqa_closed_20260602_025238,28,is this myoma present?,yes | no |  | ,B,B,B,True,True,0.75,0.75,checkpoints/caa_fedbuff_v2_path_vqa_closed_20260602_025238_best.pt
path_vqa_closed,caa_fedbuff_v2,CAA-v2,44,caa_fedbuff_v2_path_vqa_closed_20260602_025238,29,what is present?,chronic myelogenous leukemia | not shown | uncertain | other,A,A,A,True,True,0.75,0.75,checkpoints/caa_fedbuff_v2_path_vqa_closed_20260602_025238_best.pt
path_vqa_closed,caa_fedbuff_v2,CAA-v2,44,caa_fedbuff_v2_path_vqa_closed_20260602_025238,30,what is present?,vasculature | not shown | uncertain | other,A,A,A,True,True,0.75,0.75,checkpoints/caa_fedbuff_v2_path_vqa_closed_20260602_025238_best.pt
path_vqa_closed,caa_fedbuff_v2,CAA-v2,44,caa_fedbuff_v2_path_vqa_closed_20260602_025238,31,"does linear fracture in occiput show kidney, acute tubular necrosis?",yes | no |  | ,B,B,B,True,True,0.75,0.75,checkpoints/caa_fedbuff_v2_path_vqa_closed_20260602_025238_best.pt
path_vqa_closed,caa_fedbuff_v2,CAA-v2,44,caa_fedbuff_v2_path_vqa_closed_20260602_025238,32,what is present?,external view typical appearance but no tissue recognizable as ovary | not shown | uncertain | other,A,A,A,True,True,0.75,0.75,checkpoints/caa_fedbuff_v2_path_vqa_closed_20260602_025238_best.pt
path_vqa_closed,caa_fedbuff_v2,CAA-v2,44,caa_fedbuff_v2_path_vqa_closed_20260602_025238,33,is adenocarcinoma present?,yes | no |  | ,A,A,B,True,False,0.75,0.75,checkpoints/caa_fedbuff_v2_path_vqa_closed_20260602_025238_best.pt
path_vqa_closed,caa_fedbuff_v2,CAA-v2,44,caa_fedbuff_v2_path_vqa_closed_20260602_025238,34,is plexiform lesion characteristic of advanced pulmonary hypertension seen in small arteries?,yes | no |  | ,A,A,A,True,True,0.75,0.75,checkpoints/caa_fedbuff_v2_path_vqa_closed_20260602_025238_best.pt
path_vqa_closed,caa_fedbuff_v2,CAA-v2,44,caa_fedbuff_v2_path_vqa_closed_20260602_025238,35,is hematologic present?,yes | no |  | ,A,A,A,True,True,0.75,0.75,checkpoints/caa_fedbuff_v2_path_vqa_closed_20260602_025238_best.pt
path_vqa_closed,caa_fedbuff_v2,CAA-v2,44,caa_fedbuff_v2_path_vqa_closed_20260602_025238,36,is adrenal present?,yes | no |  | ,A,A,A,True,True,0.75,0.75,checkpoints/caa_fedbuff_v2_path_vqa_closed_20260602_025238_best.pt
path_vqa_closed,caa_fedbuff_v2,CAA-v2,44,caa_fedbuff_v2_path_vqa_closed_20260602_025238,37,what is present?,papillary intraductal adenocarcinoma | not shown | uncertain | other,A,A,A,True,True,0.75,0.75,checkpoints/caa_fedbuff_v2_path_vqa_closed_20260602_025238_best.pt
path_vqa_closed,caa_fedbuff_v2,CAA-v2,44,caa_fedbuff_v2_path_vqa_closed_20260602_025238,38,where is this in?,in vasculature | not shown | uncertain | other,A,A,A,True,True,0.75,0.75,checkpoints/caa_fedbuff_v2_path_vqa_closed_20260602_025238_best.pt
path_vqa_closed,caa_fedbuff_v2,CAA-v2,44,caa_fedbuff_v2_path_vqa_closed_20260602_025238,39,"are acute tubular epithelial cell injury with blebbing at the luminal pole, detachment of tubular cells from their underlying basement membranes, and granular present within the colon wall?",yes | no |  | ,A,A,B,True,False,0.75,0.75,checkpoints/caa_fedbuff_v2_path_vqa_closed_20260602_025238_best.pt
path_vqa_closed,caa_fedbuff_v2,CAA-v2,44,caa_fedbuff_v2_path_vqa_closed_20260602_025238,40,is 70yof present?,yes | no |  | ,B,B,B,True,True,0.75,0.75,checkpoints/caa_fedbuff_v2_path_vqa_closed_20260602_025238_best.pt
path_vqa_closed,caa_fedbuff_v2,CAA-v2,44,caa_fedbuff_v2_path_vqa_closed_20260602_025238,41,does this image show thermal burned skin?,yes | no |  | ,A,A,A,True,True,0.75,0.75,checkpoints/caa_fedbuff_v2_path_vqa_closed_20260602_025238_best.pt
path_vqa_closed,caa_fedbuff_v2,CAA-v2,44,caa_fedbuff_v2_path_vqa_closed_20260602_025238,42,does myoma lesion show epulis fissuratum?,yes | no |  | ,B,B,B,True,True,0.75,0.75,checkpoints/caa_fedbuff_v2_path_vqa_closed_20260602_025238_best.pt
path_vqa_closed,caa_fedbuff_v2,CAA-v2,44,caa_fedbuff_v2_path_vqa_closed_20260602_025238,43,where is this from?,female reproductive system | not shown | uncertain | other,A,A,A,True,True,0.75,0.75,checkpoints/caa_fedbuff_v2_path_vqa_closed_20260602_025238_best.pt
path_vqa_closed,caa_fedbuff_v2,CAA-v2,44,caa_fedbuff_v2_path_vqa_closed_20260602_025238,44,is intraductal papillomatosis with apocrine metaplasia present?,yes | no |  | ,A,A,A,True,True,0.75,0.75,checkpoints/caa_fedbuff_v2_path_vqa_closed_20260602_025238_best.pt
path_vqa_closed,caa_fedbuff_v2,CAA-v2,44,caa_fedbuff_v2_path_vqa_closed_20260602_025238,45,is varices present?,yes | no |  | ,A,A,B,True,False,0.75,0.75,checkpoints/caa_fedbuff_v2_path_vqa_closed_20260602_025238_best.pt
path_vqa_closed,caa_fedbuff_v2,CAA-v2,44,caa_fedbuff_v2_path_vqa_closed_20260602_025238,46,what is present?,cardiovascular | not shown | uncertain | other,A,A,A,True,True,0.75,0.75,checkpoints/caa_fedbuff_v2_path_vqa_closed_20260602_025238_best.pt
path_vqa_closed,caa_fedbuff_v2,CAA-v2,44,caa_fedbuff_v2_path_vqa_closed_20260602_025238,47,where is this?,oral | not shown | uncertain | other,A,A,A,True,True,0.75,0.75,checkpoints/caa_fedbuff_v2_path_vqa_closed_20260602_025238_best.pt
path_vqa_closed,caa_fedbuff_v2,CAA-v2,44,caa_fedbuff_v2_path_vqa_closed_20260602_025238,48,is a barely seen vascular mass extruding from occipital region of skull arms and legs present?,yes | no |  | ,B,B,B,True,True,0.75,0.75,checkpoints/caa_fedbuff_v2_path_vqa_closed_20260602_025238_best.pt
path_vqa_closed,caa_fedbuff_v2,CAA-v2,44,caa_fedbuff_v2_path_vqa_closed_20260602_025238,49,"did early (reversible) ischemic injury increase eosinophilia of cytoplasm, and swelling of occasional cells?",yes | no |  | ,A,A,B,True,False,0.75,0.75,checkpoints/caa_fedbuff_v2_path_vqa_closed_20260602_025238_best.pt
path_vqa_closed,caa_fedbuff_v2,CAA-v2,44,caa_fedbuff_v2_path_vqa_closed_20260602_025238,50,"does endocrine show esohagus, candida?",yes | no |  | ,B,B,B,True,True,0.75,0.75,checkpoints/caa_fedbuff_v2_path_vqa_closed_20260602_025238_best.pt
path_vqa_closed,caa_fedbuff_v2,CAA-v2,44,caa_fedbuff_v2_path_vqa_closed_20260602_025238,51,what is present?,oral | not shown | uncertain | other,A,A,A,True,True,0.75,0.75,checkpoints/caa_fedbuff_v2_path_vqa_closed_20260602_025238_best.pt
path_vqa_closed,caa_fedbuff_v2,CAA-v2,44,caa_fedbuff_v2_path_vqa_closed_20260602_025238,52,where is this?,pancreas | not shown | uncertain | other,A,A,A,True,True,0.75,0.75,checkpoints/caa_fedbuff_v2_path_vqa_closed_20260602_025238_best.pt
path_vqa_closed,caa_fedbuff_v2,CAA-v2,44,caa_fedbuff_v2_path_vqa_closed_20260602_025238,53,what does this image show?,body on autopsy table lesion that supposedly predicts premature coronary disease is easily seen | not shown | uncertain | other,A,A,A,True,True,0.75,0.75,checkpoints/caa_fedbuff_v2_path_vqa_closed_20260602_025238_best.pt
path_vqa_closed,caa_fedbuff_v2,CAA-v2,44,caa_fedbuff_v2_path_vqa_closed_20260602_025238,54,is malignant lymphoma present?,yes | no |  | ,A,A,A,True,True,0.75,0.75,checkpoints/caa_fedbuff_v2_path_vqa_closed_20260602_025238_best.pt
path_vqa_closed,caa_fedbuff_v2,CAA-v2,44,caa_fedbuff_v2_path_vqa_closed_20260602_025238,55,what induced discoloration?,tetracycline | not shown | uncertain | other,A,A,A,True,True,0.75,0.75,checkpoints/caa_fedbuff_v2_path_vqa_closed_20260602_025238_best.pt
path_vqa_closed,caa_fedbuff_v2,CAA-v2,44,caa_fedbuff_v2_path_vqa_closed_20260602_025238,56,"does lymphangiomatosis show cervix, squamous metaplasia?",yes | no |  | ,B,B,B,True,True,0.75,0.75,checkpoints/caa_fedbuff_v2_path_vqa_closed_20260602_025238_best.pt
path_vqa_closed,caa_fedbuff_v2,CAA-v2,44,caa_fedbuff_v2_path_vqa_closed_20260602_025238,57,does this image show excellent invasive tumor with marked desmoplastic reaction?,yes | no |  | ,A,A,A,True,True,0.75,0.75,checkpoints/caa_fedbuff_v2_path_vqa_closed_20260602_025238_best.pt
path_vqa_closed,caa_fedbuff_v2,CAA-v2,44,caa_fedbuff_v2_path_vqa_closed_20260602_025238,58,is this typical lesion present?,yes | no |  | ,A,A,B,True,False,0.75,0.75,checkpoints/caa_fedbuff_v2_path_vqa_closed_20260602_025238_best.pt
path_vqa_closed,caa_fedbuff_v2,CAA-v2,44,caa_fedbuff_v2_path_vqa_closed_20260602_025238,59,what does this image show?,opened chest with breast plate removed easily seen air bubbles | not shown | uncertain | other,A,A,A,True,True,0.75,0.75,checkpoints/caa_fedbuff_v2_path_vqa_closed_20260602_025238_best.pt
path_vqa_closed,caa_fedbuff_v2,CAA-v2,44,caa_fedbuff_v2_path_vqa_closed_20260602_025238,60,"does this image show lung fibrosis, scleroderma?",yes | no |  | ,A,A,A,True,True,0.75,0.75,checkpoints/caa_fedbuff_v2_path_vqa_closed_20260602_025238_best.pt
path_vqa_closed,caa_fedbuff_v2,CAA-v2,44,caa_fedbuff_v2_path_vqa_closed_20260602_025238,61,are foci of metaplastic squamous epithelium seen at other places?,yes | no |  | ,A,A,A,True,True,0.75,0.75,checkpoints/caa_fedbuff_v2_path_vqa_closed_20260602_025238_best.pt
path_vqa_closed,caa_fedbuff_v2,CAA-v2,44,caa_fedbuff_v2_path_vqa_closed_20260602_025238,62,what is there?,moderate microcytosis and hypochromia | not shown | uncertain | other,B,B,A,True,False,0.75,0.75,checkpoints/caa_fedbuff_v2_path_vqa_closed_20260602_025238_best.pt
path_vqa_closed,caa_fedbuff_v2,CAA-v2,44,caa_fedbuff_v2_path_vqa_closed_20260602_025238,63,is vasculature present?,yes | no |  | ,A,A,A,True,True,0.75,0.75,checkpoints/caa_fedbuff_v2_path_vqa_closed_20260602_025238_best.pt
path_vqa_closed,naive_async,Naive Async,44,naive_async_path_vqa_closed_20260602_024018,0,is jejunum present?,yes | no |  | ,A,A,B,True,False,0.75,0.75,checkpoints/naive_async_path_vqa_closed_20260602_024018_best.pt
path_vqa_closed,naive_async,Naive Async,44,naive_async_path_vqa_closed_20260602_024018,1,do stress induce involution in baby with hyaline membrane disease?,yes | no |  | ,A,A,A,True,True,0.75,0.75,checkpoints/naive_async_path_vqa_closed_20260602_024018_best.pt
path_vqa_closed,naive_async,Naive Async,44,naive_async_path_vqa_closed_20260602_024018,2,what are present?,extremities | not shown | uncertain | other,A,A,A,True,True,0.75,0.75,checkpoints/naive_async_path_vqa_closed_20260602_024018_best.pt
path_vqa_closed,naive_async,Naive Async,44,naive_async_path_vqa_closed_20260602_024018,3,is vasculature present?,yes | no |  | ,A,A,A,True,True,0.75,0.75,checkpoints/naive_async_path_vqa_closed_20260602_024018_best.pt
path_vqa_closed,naive_async,Naive Async,44,naive_async_path_vqa_closed_20260602_024018,4,"does the cortical bone forming the outer shell show concentric lamellae along with osteocytic lacunae surrounding central blood vessels, while the trabecular bone forming the marrow space shows trabeculae with osteoclastic activity at the margins?",yes | no |  | ,A,A,A,True,True,0.75,0.75,checkpoints/naive_async_path_vqa_closed_20260602_024018_best.pt
path_vqa_closed,naive_async,Naive Async,44,naive_async_path_vqa_closed_20260602_024018,5,what shows uniform cells having high mitotic rate?,the tumour | not shown | uncertain | other,A,A,A,True,True,0.75,0.75,checkpoints/naive_async_path_vqa_closed_20260602_024018_best.pt
path_vqa_closed,naive_async,Naive Async,44,naive_async_path_vqa_closed_20260602_024018,6,what is present?,endocrine | not shown | uncertain | other,A,A,A,True,True,0.75,0.75,checkpoints/naive_async_path_vqa_closed_20260602_024018_best.pt
path_vqa_closed,naive_async,Naive Async,44,naive_async_path_vqa_closed_20260602_024018,7,what are present?,extremities | not shown | uncertain | other,B,B,A,True,False,0.75,0.75,checkpoints/naive_async_path_vqa_closed_20260602_024018_best.pt
path_vqa_closed,naive_async,Naive Async,44,naive_async_path_vqa_closed_20260602_024018,8,is abdomen present?,yes | no |  | ,B,B,B,True,True,0.75,0.75,checkpoints/naive_async_path_vqa_closed_20260602_024018_best.pt
path_vqa_closed,naive_async,Naive Async,44,naive_async_path_vqa_closed_20260602_024018,9,what is the necrotic ulcer base composed of?,granulation tissue overlaid by degraded blood | not shown | uncertain | other,A,A,A,True,True,0.75,0.75,checkpoints/naive_async_path_vqa_closed_20260602_024018_best.pt
path_vqa_closed,naive_async,Naive Async,44,naive_async_path_vqa_closed_20260602_024018,10,do a few areas show superficial invasive islands of malignant cells in the subepithelial soft tissues?,yes | no |  | ,A,A,A,True,True,0.75,0.75,checkpoints/naive_async_path_vqa_closed_20260602_024018_best.pt
path_vqa_closed,naive_async,Naive Async,44,naive_async_path_vqa_closed_20260602_024018,11,does this image show lung?,yes | no |  | ,A,A,A,True,True,0.75,0.75,checkpoints/naive_async_path_vqa_closed_20260602_024018_best.pt
path_vqa_closed,naive_async,Naive Async,44,naive_async_path_vqa_closed_20260602_024018,12,what does the abscess expand?,further causing necrosis of the cortex called sequestrum | not shown | uncertain | other,A,A,A,True,True,0.75,0.75,checkpoints/naive_async_path_vqa_closed_20260602_024018_best.pt
path_vqa_closed,naive_async,Naive Async,44,naive_async_path_vqa_closed_20260602_024018,13,what shows a hyper-segmented neutrophil with a six-lobed nucleus?,a peripheral blood smear | not shown | uncertain | other,A,A,A,True,True,0.75,0.75,checkpoints/naive_async_path_vqa_closed_20260602_024018_best.pt
path_vqa_closed,naive_async,Naive Async,44,naive_async_path_vqa_closed_20260602_024018,14,"does this image show intestine, leiomyoma?",yes | no |  | ,A,A,A,True,True,0.75,0.75,checkpoints/naive_async_path_vqa_closed_20260602_024018_best.pt
path_vqa_closed,naive_async,Naive Async,44,naive_async_path_vqa_closed_20260602_024018,15,is hepatobiliary present?,yes | no |  | ,A,A,A,True,True,0.75,0.75,checkpoints/naive_async_path_vqa_closed_20260602_024018_best.pt
path_vqa_closed,naive_async,Naive Async,44,naive_async_path_vqa_closed_20260602_024018,16,is history present?,yes | no |  | ,A,A,B,True,False,0.75,0.75,checkpoints/naive_async_path_vqa_closed_20260602_024018_best.pt
path_vqa_closed,naive_async,Naive Async,44,naive_async_path_vqa_closed_20260602_024018,17,is gastrointestinal present?,yes | no |  | ,A,A,A,True,True,0.75,0.75,checkpoints/naive_async_path_vqa_closed_20260602_024018_best.pt
path_vqa_closed,naive_async,Naive Async,44,naive_async_path_vqa_closed_20260602_024018,18,what is present?,respiratory | not shown | uncertain | other,A,A,A,True,True,0.75,0.75,checkpoints/naive_async_path_vqa_closed_20260602_024018_best.pt
path_vqa_closed,naive_async,Naive Async,44,naive_async_path_vqa_closed_20260602_024018,19,what is present?,gastrointestinal | not shown | uncertain | other,A,A,A,True,True,0.75,0.75,checkpoints/naive_async_path_vqa_closed_20260602_024018_best.pt
path_vqa_closed,naive_async,Naive Async,44,naive_async_path_vqa_closed_20260602_024018,20,what is present?,hematologic | not shown | uncertain | other,A,A,A,True,True,0.75,0.75,checkpoints/naive_async_path_vqa_closed_20260602_024018_best.pt
path_vqa_closed,naive_async,Naive Async,44,naive_async_path_vqa_closed_20260602_024018,21,is liver present?,yes | no |  | ,A,A,A,True,True,0.75,0.75,checkpoints/naive_async_path_vqa_closed_20260602_024018_best.pt
path_vqa_closed,naive_async,Naive Async,44,naive_async_path_vqa_closed_20260602_024018,22,where is this?,vasculature | not shown | uncertain | other,A,A,A,True,True,0.75,0.75,checkpoints/naive_async_path_vqa_closed_20260602_024018_best.pt
path_vqa_closed,naive_async,Naive Async,44,naive_async_path_vqa_closed_20260602_024018,23,does this image show obviously greatly swollen and pale kidney?,yes | no |  | ,A,A,A,True,True,0.75,0.75,checkpoints/naive_async_path_vqa_closed_20260602_024018_best.pt
path_vqa_closed,naive_async,Naive Async,44,naive_async_path_vqa_closed_20260602_024018,24,what is present?,adrenal | not shown | uncertain | other,A,A,A,True,True,0.75,0.75,checkpoints/naive_async_path_vqa_closed_20260602_024018_best.pt
path_vqa_closed,naive_async,Naive Async,44,naive_async_path_vqa_closed_20260602_024018,25,where does this belong to?,endocrine system | not shown | uncertain | other,A,A,A,True,True,0.75,0.75,checkpoints/naive_async_path_vqa_closed_20260602_024018_best.pt
path_vqa_closed,naive_async,Naive Async,44,naive_async_path_vqa_closed_20260602_024018,26,is oral present?,yes | no |  | ,A,A,A,True,True,0.75,0.75,checkpoints/naive_async_path_vqa_closed_20260602_024018_best.pt
path_vqa_closed,naive_async,Naive Async,44,naive_async_path_vqa_closed_20260602_024018,27,does this image show sarcoplasmic reticulum?,yes | no |  | ,A,A,A,True,True,0.75,0.75,checkpoints/naive_async_path_vqa_closed_20260602_024018_best.pt
path_vqa_closed,naive_async,Naive Async,44,naive_async_path_vqa_closed_20260602_024018,28,is this myoma present?,yes | no |  | ,B,B,B,True,True,0.75,0.75,checkpoints/naive_async_path_vqa_closed_20260602_024018_best.pt
path_vqa_closed,naive_async,Naive Async,44,naive_async_path_vqa_closed_20260602_024018,29,what is present?,chronic myelogenous leukemia | not shown | uncertain | other,A,A,A,True,True,0.75,0.75,checkpoints/naive_async_path_vqa_closed_20260602_024018_best.pt
path_vqa_closed,naive_async,Naive Async,44,naive_async_path_vqa_closed_20260602_024018,30,what is present?,vasculature | not shown | uncertain | other,A,A,A,True,True,0.75,0.75,checkpoints/naive_async_path_vqa_closed_20260602_024018_best.pt
path_vqa_closed,naive_async,Naive Async,44,naive_async_path_vqa_closed_20260602_024018,31,"does linear fracture in occiput show kidney, acute tubular necrosis?",yes | no |  | ,B,B,B,True,True,0.75,0.75,checkpoints/naive_async_path_vqa_closed_20260602_024018_best.pt
path_vqa_closed,naive_async,Naive Async,44,naive_async_path_vqa_closed_20260602_024018,32,what is present?,external view typical appearance but no tissue recognizable as ovary | not shown | uncertain | other,A,A,A,True,True,0.75,0.75,checkpoints/naive_async_path_vqa_closed_20260602_024018_best.pt
path_vqa_closed,naive_async,Naive Async,44,naive_async_path_vqa_closed_20260602_024018,33,is adenocarcinoma present?,yes | no |  | ,A,A,B,True,False,0.75,0.75,checkpoints/naive_async_path_vqa_closed_20260602_024018_best.pt
path_vqa_closed,naive_async,Naive Async,44,naive_async_path_vqa_closed_20260602_024018,34,is plexiform lesion characteristic of advanced pulmonary hypertension seen in small arteries?,yes | no |  | ,A,A,A,True,True,0.75,0.75,checkpoints/naive_async_path_vqa_closed_20260602_024018_best.pt
path_vqa_closed,naive_async,Naive Async,44,naive_async_path_vqa_closed_20260602_024018,35,is hematologic present?,yes | no |  | ,A,A,A,True,True,0.75,0.75,checkpoints/naive_async_path_vqa_closed_20260602_024018_best.pt
path_vqa_closed,naive_async,Naive Async,44,naive_async_path_vqa_closed_20260602_024018,36,is adrenal present?,yes | no |  | ,A,A,A,True,True,0.75,0.75,checkpoints/naive_async_path_vqa_closed_20260602_024018_best.pt
path_vqa_closed,naive_async,Naive Async,44,naive_async_path_vqa_closed_20260602_024018,37,what is present?,papillary intraductal adenocarcinoma | not shown | uncertain | other,A,A,A,True,True,0.75,0.75,checkpoints/naive_async_path_vqa_closed_20260602_024018_best.pt
path_vqa_closed,naive_async,Naive Async,44,naive_async_path_vqa_closed_20260602_024018,38,where is this in?,in vasculature | not shown | uncertain | other,A,A,A,True,True,0.75,0.75,checkpoints/naive_async_path_vqa_closed_20260602_024018_best.pt
path_vqa_closed,naive_async,Naive Async,44,naive_async_path_vqa_closed_20260602_024018,39,"are acute tubular epithelial cell injury with blebbing at the luminal pole, detachment of tubular cells from their underlying basement membranes, and granular present within the colon wall?",yes | no |  | ,A,A,B,True,False,0.75,0.75,checkpoints/naive_async_path_vqa_closed_20260602_024018_best.pt
path_vqa_closed,naive_async,Naive Async,44,naive_async_path_vqa_closed_20260602_024018,40,is 70yof present?,yes | no |  | ,B,B,B,True,True,0.75,0.75,checkpoints/naive_async_path_vqa_closed_20260602_024018_best.pt
path_vqa_closed,naive_async,Naive Async,44,naive_async_path_vqa_closed_20260602_024018,41,does this image show thermal burned skin?,yes | no |  | ,A,A,A,True,True,0.75,0.75,checkpoints/naive_async_path_vqa_closed_20260602_024018_best.pt
path_vqa_closed,naive_async,Naive Async,44,naive_async_path_vqa_closed_20260602_024018,42,does myoma lesion show epulis fissuratum?,yes | no |  | ,B,B,B,True,True,0.75,0.75,checkpoints/naive_async_path_vqa_closed_20260602_024018_best.pt
path_vqa_closed,naive_async,Naive Async,44,naive_async_path_vqa_closed_20260602_024018,43,where is this from?,female reproductive system | not shown | uncertain | other,A,A,A,True,True,0.75,0.75,checkpoints/naive_async_path_vqa_closed_20260602_024018_best.pt
path_vqa_closed,naive_async,Naive Async,44,naive_async_path_vqa_closed_20260602_024018,44,is intraductal papillomatosis with apocrine metaplasia present?,yes | no |  | ,A,A,A,True,True,0.75,0.75,checkpoints/naive_async_path_vqa_closed_20260602_024018_best.pt
path_vqa_closed,naive_async,Naive Async,44,naive_async_path_vqa_closed_20260602_024018,45,is varices present?,yes | no |  | ,A,A,B,True,False,0.75,0.75,checkpoints/naive_async_path_vqa_closed_20260602_024018_best.pt
path_vqa_closed,naive_async,Naive Async,44,naive_async_path_vqa_closed_20260602_024018,46,what is present?,cardiovascular | not shown | uncertain | other,A,A,A,True,True,0.75,0.75,checkpoints/naive_async_path_vqa_closed_20260602_024018_best.pt
path_vqa_closed,naive_async,Naive Async,44,naive_async_path_vqa_closed_20260602_024018,47,where is this?,oral | not shown | uncertain | other,A,A,A,True,True,0.75,0.75,checkpoints/naive_async_path_vqa_closed_20260602_024018_best.pt
path_vqa_closed,naive_async,Naive Async,44,naive_async_path_vqa_closed_20260602_024018,48,is a barely seen vascular mass extruding from occipital region of skull arms and legs present?,yes | no |  | ,B,B,B,True,True,0.75,0.75,checkpoints/naive_async_path_vqa_closed_20260602_024018_best.pt
path_vqa_closed,naive_async,Naive Async,44,naive_async_path_vqa_closed_20260602_024018,49,"did early (reversible) ischemic injury increase eosinophilia of cytoplasm, and swelling of occasional cells?",yes | no |  | ,A,A,B,True,False,0.75,0.75,checkpoints/naive_async_path_vqa_closed_20260602_024018_best.pt
path_vqa_closed,naive_async,Naive Async,44,naive_async_path_vqa_closed_20260602_024018,50,"does endocrine show esohagus, candida?",yes | no |  | ,B,B,B,True,True,0.75,0.75,checkpoints/naive_async_path_vqa_closed_20260602_024018_best.pt
path_vqa_closed,naive_async,Naive Async,44,naive_async_path_vqa_closed_20260602_024018,51,what is present?,oral | not shown | uncertain | other,A,A,A,True,True,0.75,0.75,checkpoints/naive_async_path_vqa_closed_20260602_024018_best.pt
path_vqa_closed,naive_async,Naive Async,44,naive_async_path_vqa_closed_20260602_024018,52,where is this?,pancreas | not shown | uncertain | other,A,A,A,True,True,0.75,0.75,checkpoints/naive_async_path_vqa_closed_20260602_024018_best.pt
path_vqa_closed,naive_async,Naive Async,44,naive_async_path_vqa_closed_20260602_024018,53,what does this image show?,body on autopsy table lesion that supposedly predicts premature coronary disease is easily seen | not shown | uncertain | other,A,A,A,True,True,0.75,0.75,checkpoints/naive_async_path_vqa_closed_20260602_024018_best.pt
path_vqa_closed,naive_async,Naive Async,44,naive_async_path_vqa_closed_20260602_024018,54,is malignant lymphoma present?,yes | no |  | ,A,A,A,True,True,0.75,0.75,checkpoints/naive_async_path_vqa_closed_20260602_024018_best.pt
path_vqa_closed,naive_async,Naive Async,44,naive_async_path_vqa_closed_20260602_024018,55,what induced discoloration?,tetracycline | not shown | uncertain | other,A,A,A,True,True,0.75,0.75,checkpoints/naive_async_path_vqa_closed_20260602_024018_best.pt
path_vqa_closed,naive_async,Naive Async,44,naive_async_path_vqa_closed_20260602_024018,56,"does lymphangiomatosis show cervix, squamous metaplasia?",yes | no |  | ,B,B,B,True,True,0.75,0.75,checkpoints/naive_async_path_vqa_closed_20260602_024018_best.pt
path_vqa_closed,naive_async,Naive Async,44,naive_async_path_vqa_closed_20260602_024018,57,does this image show excellent invasive tumor with marked desmoplastic reaction?,yes | no |  | ,A,A,A,True,True,0.75,0.75,checkpoints/naive_async_path_vqa_closed_20260602_024018_best.pt
path_vqa_closed,naive_async,Naive Async,44,naive_async_path_vqa_closed_20260602_024018,58,is this typical lesion present?,yes | no |  | ,A,A,B,True,False,0.75,0.75,checkpoints/naive_async_path_vqa_closed_20260602_024018_best.pt
path_vqa_closed,naive_async,Naive Async,44,naive_async_path_vqa_closed_20260602_024018,59,what does this image show?,opened chest with breast plate removed easily seen air bubbles | not shown | uncertain | other,A,A,A,True,True,0.75,0.75,checkpoints/naive_async_path_vqa_closed_20260602_024018_best.pt
path_vqa_closed,naive_async,Naive Async,44,naive_async_path_vqa_closed_20260602_024018,60,"does this image show lung fibrosis, scleroderma?",yes | no |  | ,A,A,A,True,True,0.75,0.75,checkpoints/naive_async_path_vqa_closed_20260602_024018_best.pt
path_vqa_closed,naive_async,Naive Async,44,naive_async_path_vqa_closed_20260602_024018,61,are foci of metaplastic squamous epithelium seen at other places?,yes | no |  | ,A,A,A,True,True,0.75,0.75,checkpoints/naive_async_path_vqa_closed_20260602_024018_best.pt
path_vqa_closed,naive_async,Naive Async,44,naive_async_path_vqa_closed_20260602_024018,62,what is there?,moderate microcytosis and hypochromia | not shown | uncertain | other,A,A,A,True,True,0.75,0.75,checkpoints/naive_async_path_vqa_closed_20260602_024018_best.pt
path_vqa_closed,naive_async,Naive Async,44,naive_async_path_vqa_closed_20260602_024018,63,is vasculature present?,yes | no |  | ,A,A,A,True,True,0.75,0.75,checkpoints/naive_async_path_vqa_closed_20260602_024018_best.pt
path_vqa_closed,sync_fedavg,Sync,44,sync_fedavg_path_vqa_closed_20260602_023612,0,is jejunum present?,yes | no |  | ,A,A,B,True,False,0.75,0.75,checkpoints/sync_fedavg_path_vqa_closed_20260602_023612_best.pt
path_vqa_closed,sync_fedavg,Sync,44,sync_fedavg_path_vqa_closed_20260602_023612,1,do stress induce involution in baby with hyaline membrane disease?,yes | no |  | ,A,A,A,True,True,0.75,0.75,checkpoints/sync_fedavg_path_vqa_closed_20260602_023612_best.pt
path_vqa_closed,sync_fedavg,Sync,44,sync_fedavg_path_vqa_closed_20260602_023612,2,what are present?,extremities | not shown | uncertain | other,A,A,A,True,True,0.75,0.75,checkpoints/sync_fedavg_path_vqa_closed_20260602_023612_best.pt
path_vqa_closed,sync_fedavg,Sync,44,sync_fedavg_path_vqa_closed_20260602_023612,3,is vasculature present?,yes | no |  | ,A,A,A,True,True,0.75,0.75,checkpoints/sync_fedavg_path_vqa_closed_20260602_023612_best.pt
path_vqa_closed,sync_fedavg,Sync,44,sync_fedavg_path_vqa_closed_20260602_023612,4,"does the cortical bone forming the outer shell show concentric lamellae along with osteocytic lacunae surrounding central blood vessels, while the trabecular bone forming the marrow space shows trabeculae with osteoclastic activity at the margins?",yes | no |  | ,A,A,A,True,True,0.75,0.75,checkpoints/sync_fedavg_path_vqa_closed_20260602_023612_best.pt
path_vqa_closed,sync_fedavg,Sync,44,sync_fedavg_path_vqa_closed_20260602_023612,5,what shows uniform cells having high mitotic rate?,the tumour | not shown | uncertain | other,A,A,A,True,True,0.75,0.75,checkpoints/sync_fedavg_path_vqa_closed_20260602_023612_best.pt
path_vqa_closed,sync_fedavg,Sync,44,sync_fedavg_path_vqa_closed_20260602_023612,6,what is present?,endocrine | not shown | uncertain | other,A,A,A,True,True,0.75,0.75,checkpoints/sync_fedavg_path_vqa_closed_20260602_023612_best.pt
path_vqa_closed,sync_fedavg,Sync,44,sync_fedavg_path_vqa_closed_20260602_023612,7,what are present?,extremities | not shown | uncertain | other,B,B,A,True,False,0.75,0.75,checkpoints/sync_fedavg_path_vqa_closed_20260602_023612_best.pt
path_vqa_closed,sync_fedavg,Sync,44,sync_fedavg_path_vqa_closed_20260602_023612,8,is abdomen present?,yes | no |  | ,B,B,B,True,True,0.75,0.75,checkpoints/sync_fedavg_path_vqa_closed_20260602_023612_best.pt
path_vqa_closed,sync_fedavg,Sync,44,sync_fedavg_path_vqa_closed_20260602_023612,9,what is the necrotic ulcer base composed of?,granulation tissue overlaid by degraded blood | not shown | uncertain | other,A,A,A,True,True,0.75,0.75,checkpoints/sync_fedavg_path_vqa_closed_20260602_023612_best.pt
path_vqa_closed,sync_fedavg,Sync,44,sync_fedavg_path_vqa_closed_20260602_023612,10,do a few areas show superficial invasive islands of malignant cells in the subepithelial soft tissues?,yes | no |  | ,A,A,A,True,True,0.75,0.75,checkpoints/sync_fedavg_path_vqa_closed_20260602_023612_best.pt
path_vqa_closed,sync_fedavg,Sync,44,sync_fedavg_path_vqa_closed_20260602_023612,11,does this image show lung?,yes | no |  | ,A,A,A,True,True,0.75,0.75,checkpoints/sync_fedavg_path_vqa_closed_20260602_023612_best.pt
path_vqa_closed,sync_fedavg,Sync,44,sync_fedavg_path_vqa_closed_20260602_023612,12,what does the abscess expand?,further causing necrosis of the cortex called sequestrum | not shown | uncertain | other,A,A,A,True,True,0.75,0.75,checkpoints/sync_fedavg_path_vqa_closed_20260602_023612_best.pt
path_vqa_closed,sync_fedavg,Sync,44,sync_fedavg_path_vqa_closed_20260602_023612,13,what shows a hyper-segmented neutrophil with a six-lobed nucleus?,a peripheral blood smear | not shown | uncertain | other,A,A,A,True,True,0.75,0.75,checkpoints/sync_fedavg_path_vqa_closed_20260602_023612_best.pt
path_vqa_closed,sync_fedavg,Sync,44,sync_fedavg_path_vqa_closed_20260602_023612,14,"does this image show intestine, leiomyoma?",yes | no |  | ,A,A,A,True,True,0.75,0.75,checkpoints/sync_fedavg_path_vqa_closed_20260602_023612_best.pt
path_vqa_closed,sync_fedavg,Sync,44,sync_fedavg_path_vqa_closed_20260602_023612,15,is hepatobiliary present?,yes | no |  | ,A,A,A,True,True,0.75,0.75,checkpoints/sync_fedavg_path_vqa_closed_20260602_023612_best.pt
path_vqa_closed,sync_fedavg,Sync,44,sync_fedavg_path_vqa_closed_20260602_023612,16,is history present?,yes | no |  | ,A,A,B,True,False,0.75,0.75,checkpoints/sync_fedavg_path_vqa_closed_20260602_023612_best.pt
path_vqa_closed,sync_fedavg,Sync,44,sync_fedavg_path_vqa_closed_20260602_023612,17,is gastrointestinal present?,yes | no |  | ,A,A,A,True,True,0.75,0.75,checkpoints/sync_fedavg_path_vqa_closed_20260602_023612_best.pt
path_vqa_closed,sync_fedavg,Sync,44,sync_fedavg_path_vqa_closed_20260602_023612,18,what is present?,respiratory | not shown | uncertain | other,A,A,A,True,True,0.75,0.75,checkpoints/sync_fedavg_path_vqa_closed_20260602_023612_best.pt
path_vqa_closed,sync_fedavg,Sync,44,sync_fedavg_path_vqa_closed_20260602_023612,19,what is present?,gastrointestinal | not shown | uncertain | other,A,A,A,True,True,0.75,0.75,checkpoints/sync_fedavg_path_vqa_closed_20260602_023612_best.pt
path_vqa_closed,sync_fedavg,Sync,44,sync_fedavg_path_vqa_closed_20260602_023612,20,what is present?,hematologic | not shown | uncertain | other,A,A,A,True,True,0.75,0.75,checkpoints/sync_fedavg_path_vqa_closed_20260602_023612_best.pt
path_vqa_closed,sync_fedavg,Sync,44,sync_fedavg_path_vqa_closed_20260602_023612,21,is liver present?,yes | no |  | ,A,A,A,True,True,0.75,0.75,checkpoints/sync_fedavg_path_vqa_closed_20260602_023612_best.pt
path_vqa_closed,sync_fedavg,Sync,44,sync_fedavg_path_vqa_closed_20260602_023612,22,where is this?,vasculature | not shown | uncertain | other,A,A,A,True,True,0.75,0.75,checkpoints/sync_fedavg_path_vqa_closed_20260602_023612_best.pt
path_vqa_closed,sync_fedavg,Sync,44,sync_fedavg_path_vqa_closed_20260602_023612,23,does this image show obviously greatly swollen and pale kidney?,yes | no |  | ,A,A,A,True,True,0.75,0.75,checkpoints/sync_fedavg_path_vqa_closed_20260602_023612_best.pt
path_vqa_closed,sync_fedavg,Sync,44,sync_fedavg_path_vqa_closed_20260602_023612,24,what is present?,adrenal | not shown | uncertain | other,A,A,A,True,True,0.75,0.75,checkpoints/sync_fedavg_path_vqa_closed_20260602_023612_best.pt
path_vqa_closed,sync_fedavg,Sync,44,sync_fedavg_path_vqa_closed_20260602_023612,25,where does this belong to?,endocrine system | not shown | uncertain | other,A,A,A,True,True,0.75,0.75,checkpoints/sync_fedavg_path_vqa_closed_20260602_023612_best.pt
path_vqa_closed,sync_fedavg,Sync,44,sync_fedavg_path_vqa_closed_20260602_023612,26,is oral present?,yes | no |  | ,A,A,A,True,True,0.75,0.75,checkpoints/sync_fedavg_path_vqa_closed_20260602_023612_best.pt
path_vqa_closed,sync_fedavg,Sync,44,sync_fedavg_path_vqa_closed_20260602_023612,27,does this image show sarcoplasmic reticulum?,yes | no |  | ,A,A,A,True,True,0.75,0.75,checkpoints/sync_fedavg_path_vqa_closed_20260602_023612_best.pt
path_vqa_closed,sync_fedavg,Sync,44,sync_fedavg_path_vqa_closed_20260602_023612,28,is this myoma present?,yes | no |  | ,B,B,B,True,True,0.75,0.75,checkpoints/sync_fedavg_path_vqa_closed_20260602_023612_best.pt
path_vqa_closed,sync_fedavg,Sync,44,sync_fedavg_path_vqa_closed_20260602_023612,29,what is present?,chronic myelogenous leukemia | not shown | uncertain | other,A,A,A,True,True,0.75,0.75,checkpoints/sync_fedavg_path_vqa_closed_20260602_023612_best.pt
path_vqa_closed,sync_fedavg,Sync,44,sync_fedavg_path_vqa_closed_20260602_023612,30,what is present?,vasculature | not shown | uncertain | other,A,A,A,True,True,0.75,0.75,checkpoints/sync_fedavg_path_vqa_closed_20260602_023612_best.pt
path_vqa_closed,sync_fedavg,Sync,44,sync_fedavg_path_vqa_closed_20260602_023612,31,"does linear fracture in occiput show kidney, acute tubular necrosis?",yes | no |  | ,B,B,B,True,True,0.75,0.75,checkpoints/sync_fedavg_path_vqa_closed_20260602_023612_best.pt
path_vqa_closed,sync_fedavg,Sync,44,sync_fedavg_path_vqa_closed_20260602_023612,32,what is present?,external view typical appearance but no tissue recognizable as ovary | not shown | uncertain | other,A,A,A,True,True,0.75,0.75,checkpoints/sync_fedavg_path_vqa_closed_20260602_023612_best.pt
path_vqa_closed,sync_fedavg,Sync,44,sync_fedavg_path_vqa_closed_20260602_023612,33,is adenocarcinoma present?,yes | no |  | ,A,A,B,True,False,0.75,0.75,checkpoints/sync_fedavg_path_vqa_closed_20260602_023612_best.pt
path_vqa_closed,sync_fedavg,Sync,44,sync_fedavg_path_vqa_closed_20260602_023612,34,is plexiform lesion characteristic of advanced pulmonary hypertension seen in small arteries?,yes | no |  | ,A,A,A,True,True,0.75,0.75,checkpoints/sync_fedavg_path_vqa_closed_20260602_023612_best.pt
path_vqa_closed,sync_fedavg,Sync,44,sync_fedavg_path_vqa_closed_20260602_023612,35,is hematologic present?,yes | no |  | ,A,A,A,True,True,0.75,0.75,checkpoints/sync_fedavg_path_vqa_closed_20260602_023612_best.pt
path_vqa_closed,sync_fedavg,Sync,44,sync_fedavg_path_vqa_closed_20260602_023612,36,is adrenal present?,yes | no |  | ,A,A,A,True,True,0.75,0.75,checkpoints/sync_fedavg_path_vqa_closed_20260602_023612_best.pt
path_vqa_closed,sync_fedavg,Sync,44,sync_fedavg_path_vqa_closed_20260602_023612,37,what is present?,papillary intraductal adenocarcinoma | not shown | uncertain | other,A,A,A,True,True,0.75,0.75,checkpoints/sync_fedavg_path_vqa_closed_20260602_023612_best.pt
path_vqa_closed,sync_fedavg,Sync,44,sync_fedavg_path_vqa_closed_20260602_023612,38,where is this in?,in vasculature | not shown | uncertain | other,A,A,A,True,True,0.75,0.75,checkpoints/sync_fedavg_path_vqa_closed_20260602_023612_best.pt
path_vqa_closed,sync_fedavg,Sync,44,sync_fedavg_path_vqa_closed_20260602_023612,39,"are acute tubular epithelial cell injury with blebbing at the luminal pole, detachment of tubular cells from their underlying basement membranes, and granular present within the colon wall?",yes | no |  | ,A,A,B,True,False,0.75,0.75,checkpoints/sync_fedavg_path_vqa_closed_20260602_023612_best.pt
path_vqa_closed,sync_fedavg,Sync,44,sync_fedavg_path_vqa_closed_20260602_023612,40,is 70yof present?,yes | no |  | ,A,A,B,True,False,0.75,0.75,checkpoints/sync_fedavg_path_vqa_closed_20260602_023612_best.pt
path_vqa_closed,sync_fedavg,Sync,44,sync_fedavg_path_vqa_closed_20260602_023612,41,does this image show thermal burned skin?,yes | no |  | ,A,A,A,True,True,0.75,0.75,checkpoints/sync_fedavg_path_vqa_closed_20260602_023612_best.pt
path_vqa_closed,sync_fedavg,Sync,44,sync_fedavg_path_vqa_closed_20260602_023612,42,does myoma lesion show epulis fissuratum?,yes | no |  | ,B,B,B,True,True,0.75,0.75,checkpoints/sync_fedavg_path_vqa_closed_20260602_023612_best.pt
path_vqa_closed,sync_fedavg,Sync,44,sync_fedavg_path_vqa_closed_20260602_023612,43,where is this from?,female reproductive system | not shown | uncertain | other,A,A,A,True,True,0.75,0.75,checkpoints/sync_fedavg_path_vqa_closed_20260602_023612_best.pt
path_vqa_closed,sync_fedavg,Sync,44,sync_fedavg_path_vqa_closed_20260602_023612,44,is intraductal papillomatosis with apocrine metaplasia present?,yes | no |  | ,A,A,A,True,True,0.75,0.75,checkpoints/sync_fedavg_path_vqa_closed_20260602_023612_best.pt
path_vqa_closed,sync_fedavg,Sync,44,sync_fedavg_path_vqa_closed_20260602_023612,45,is varices present?,yes | no |  | ,A,A,B,True,False,0.75,0.75,checkpoints/sync_fedavg_path_vqa_closed_20260602_023612_best.pt
path_vqa_closed,sync_fedavg,Sync,44,sync_fedavg_path_vqa_closed_20260602_023612,46,what is present?,cardiovascular | not shown | uncertain | other,A,A,A,True,True,0.75,0.75,checkpoints/sync_fedavg_path_vqa_closed_20260602_023612_best.pt
path_vqa_closed,sync_fedavg,Sync,44,sync_fedavg_path_vqa_closed_20260602_023612,47,where is this?,oral | not shown | uncertain | other,A,A,A,True,True,0.75,0.75,checkpoints/sync_fedavg_path_vqa_closed_20260602_023612_best.pt
path_vqa_closed,sync_fedavg,Sync,44,sync_fedavg_path_vqa_closed_20260602_023612,48,is a barely seen vascular mass extruding from occipital region of skull arms and legs present?,yes | no |  | ,B,B,B,True,True,0.75,0.75,checkpoints/sync_fedavg_path_vqa_closed_20260602_023612_best.pt
path_vqa_closed,sync_fedavg,Sync,44,sync_fedavg_path_vqa_closed_20260602_023612,49,"did early (reversible) ischemic injury increase eosinophilia of cytoplasm, and swelling of occasional cells?",yes | no |  | ,A,A,B,True,False,0.75,0.75,checkpoints/sync_fedavg_path_vqa_closed_20260602_023612_best.pt
path_vqa_closed,sync_fedavg,Sync,44,sync_fedavg_path_vqa_closed_20260602_023612,50,"does endocrine show esohagus, candida?",yes | no |  | ,A,A,B,True,False,0.75,0.75,checkpoints/sync_fedavg_path_vqa_closed_20260602_023612_best.pt
path_vqa_closed,sync_fedavg,Sync,44,sync_fedavg_path_vqa_closed_20260602_023612,51,what is present?,oral | not shown | uncertain | other,A,A,A,True,True,0.75,0.75,checkpoints/sync_fedavg_path_vqa_closed_20260602_023612_best.pt
path_vqa_closed,sync_fedavg,Sync,44,sync_fedavg_path_vqa_closed_20260602_023612,52,where is this?,pancreas | not shown | uncertain | other,A,A,A,True,True,0.75,0.75,checkpoints/sync_fedavg_path_vqa_closed_20260602_023612_best.pt
path_vqa_closed,sync_fedavg,Sync,44,sync_fedavg_path_vqa_closed_20260602_023612,53,what does this image show?,body on autopsy table lesion that supposedly predicts premature coronary disease is easily seen | not shown | uncertain | other,A,A,A,True,True,0.75,0.75,checkpoints/sync_fedavg_path_vqa_closed_20260602_023612_best.pt
path_vqa_closed,sync_fedavg,Sync,44,sync_fedavg_path_vqa_closed_20260602_023612,54,is malignant lymphoma present?,yes | no |  | ,A,A,A,True,True,0.75,0.75,checkpoints/sync_fedavg_path_vqa_closed_20260602_023612_best.pt
path_vqa_closed,sync_fedavg,Sync,44,sync_fedavg_path_vqa_closed_20260602_023612,55,what induced discoloration?,tetracycline | not shown | uncertain | other,A,A,A,True,True,0.75,0.75,checkpoints/sync_fedavg_path_vqa_closed_20260602_023612_best.pt
path_vqa_closed,sync_fedavg,Sync,44,sync_fedavg_path_vqa_closed_20260602_023612,56,"does lymphangiomatosis show cervix, squamous metaplasia?",yes | no |  | ,B,B,B,True,True,0.75,0.75,checkpoints/sync_fedavg_path_vqa_closed_20260602_023612_best.pt
path_vqa_closed,sync_fedavg,Sync,44,sync_fedavg_path_vqa_closed_20260602_023612,57,does this image show excellent invasive tumor with marked desmoplastic reaction?,yes | no |  | ,A,A,A,True,True,0.75,0.75,checkpoints/sync_fedavg_path_vqa_closed_20260602_023612_best.pt
path_vqa_closed,sync_fedavg,Sync,44,sync_fedavg_path_vqa_closed_20260602_023612,58,is this typical lesion present?,yes | no |  | ,A,A,B,True,False,0.75,0.75,checkpoints/sync_fedavg_path_vqa_closed_20260602_023612_best.pt
path_vqa_closed,sync_fedavg,Sync,44,sync_fedavg_path_vqa_closed_20260602_023612,59,what does this image show?,opened chest with breast plate removed easily seen air bubbles | not shown | uncertain | other,A,A,A,True,True,0.75,0.75,checkpoints/sync_fedavg_path_vqa_closed_20260602_023612_best.pt
path_vqa_closed,sync_fedavg,Sync,44,sync_fedavg_path_vqa_closed_20260602_023612,60,"does this image show lung fibrosis, scleroderma?",yes | no |  | ,A,A,A,True,True,0.75,0.75,checkpoints/sync_fedavg_path_vqa_closed_20260602_023612_best.pt
path_vqa_closed,sync_fedavg,Sync,44,sync_fedavg_path_vqa_closed_20260602_023612,61,are foci of metaplastic squamous epithelium seen at other places?,yes | no |  | ,A,A,A,True,True,0.75,0.75,checkpoints/sync_fedavg_path_vqa_closed_20260602_023612_best.pt
path_vqa_closed,sync_fedavg,Sync,44,sync_fedavg_path_vqa_closed_20260602_023612,62,what is there?,moderate microcytosis and hypochromia | not shown | uncertain | other,A,A,A,True,True,0.75,0.75,checkpoints/sync_fedavg_path_vqa_closed_20260602_023612_best.pt
path_vqa_closed,sync_fedavg,Sync,44,sync_fedavg_path_vqa_closed_20260602_023612,63,is vasculature present?,yes | no |  | ,A,A,A,True,True,0.75,0.75,checkpoints/sync_fedavg_path_vqa_closed_20260602_023612_best.pt
